System,System Name,Sub System,Sub System Name,Sub Sub System,Sub Sub Sytem Name
00,COMPLETE VEHICLE  SYSTEM,0000,VEHICLE SYSTEM,0000A,VEHICLE SYSTEM
00,COMPLETE VEHICLE  SYSTEM,0001,DESC.  V.PLATES AND INSTR. SUBSYSTEM,0001A,BODY
00,COMPLETE VEHICLE  SYSTEM,0001,DESC.  V.PLATES AND INSTR. SUBSYSTEM,0001B,FRAME AND MOUNTING
00,COMPLETE VEHICLE  SYSTEM,0001,DESC.  V.PLATES AND INSTR. SUBSYSTEM,0001C,ENGINE
00,COMPLETE VEHICLE  SYSTEM,0001,DESC.  V.PLATES AND INSTR. SUBSYSTEM,0001D,SUSPENSION
00,COMPLETE VEHICLE  SYSTEM,0001,DESC.  V.PLATES AND INSTR. SUBSYSTEM,0001E,DRIVELINE
00,COMPLETE VEHICLE  SYSTEM,0001,DESC.  V.PLATES AND INSTR. SUBSYSTEM,0001F,BRAKE
00,COMPLETE VEHICLE  SYSTEM,0001,DESC.  V.PLATES AND INSTR. SUBSYSTEM,0001G,TRANSMISSION
00,COMPLETE VEHICLE  SYSTEM,0001,DESC.  V.PLATES AND INSTR. SUBSYSTEM,0001H,CLUTCH
00,COMPLETE VEHICLE  SYSTEM,0001,DESC.  V.PLATES AND INSTR. SUBSYSTEM,0001J,EXHAUST
00,COMPLETE VEHICLE  SYSTEM,0002,JACK TOOL AND EMERGENCY EQUIPMENT,0002A,JACK AND HANDLE
00,COMPLETE VEHICLE  SYSTEM,0002,JACK TOOL AND EMERGENCY EQUIPMENT,0002B,TOOLS
00,COMPLETE VEHICLE  SYSTEM,0002,JACK TOOL AND EMERGENCY EQUIPMENT,0002C,WARNING SIGN AND WARNING LAMP
00,COMPLETE VEHICLE  SYSTEM,0002,JACK TOOL AND EMERGENCY EQUIPMENT,0002D,FIRE EXTINGUISHER
00,COMPLETE VEHICLE  SYSTEM,0002,JACK TOOL AND EMERGENCY EQUIPMENT,0002E,FIRST AID KITS
00,COMPLETE VEHICLE  SYSTEM,0002,JACK TOOL AND EMERGENCY EQUIPMENT,0002F,TYRE INFLATION DEVICES
00,COMPLETE VEHICLE  SYSTEM,0002,JACK TOOL AND EMERGENCY EQUIPMENT,0002G,WHEEL CHOCKS
00,COMPLETE VEHICLE  SYSTEM,0003,OWNER OPERATOR ACCESSORIES,0003A,ACCESSORIES
00,COMPLETE VEHICLE  SYSTEM,0004,VEHICLE TRANSPORTATION AIDS,0004A,BODY MOUNTED AIDS-SHIP T/DOWNS
00,COMPLETE VEHICLE  SYSTEM,0004,VEHICLE TRANSPORTATION AIDS,0004B,CHASSIS MOUNTED AIDS -SHIP T / DOWNS
00,COMPLETE VEHICLE  SYSTEM,0005,DYNAMIC DAMPERS,0005A,BODY MOUNTED DYNAMIC DAMPER
00,COMPLETE VEHICLE  SYSTEM,0005,DYNAMIC DAMPERS,0005B,CHASSIS MOUNTED DYNAMIC DAMPERS
00,COMPLETE VEHICLE  SYSTEM,0005,DYNAMIC DAMPERS,0005C,ENGINE MOUNTED DYNAMIC DAMPERS
00,COMPLETE VEHICLE  SYSTEM,0005,DYNAMIC DAMPERS,0005D,AXLE/D-SHFT MTD DYNAMIC DAMPER
00,COMPLETE VEHICLE  SYSTEM,0005,DYNAMIC DAMPERS,0005E,TRANSM.MNTD DYNAMIC DAMPERS ABSRB
00,COMPLETE VEHICLE  SYSTEM,0005,DYNAMIC DAMPERS,0005F,STEERING MOUNTED DYNAMIC DAMPERS
00,COMPLETE VEHICLE  SYSTEM,0005,DYNAMIC DAMPERS,0005G,STEERING XX MOUNTED DYNAMIC DAMPERS
00,COMPLETE VEHICLE  SYSTEM,0006,LUBRICATIONS,0006A,LUBRICATIONS
00,COMPLETE VEHICLE  SYSTEM,0011,AIR INTAKE SYSTEM,0011A,AIR INTAKE SYSTEM
00,COMPLETE VEHICLE  SYSTEM,0012,BODY MOUNTS SYSTEM,0012A,LUBRICATIONS
00,COMPLETE VEHICLE  SYSTEM,0013,BODY SYSTEM,0013A,AIR INTAKE SYSTEM
00,COMPLETE VEHICLE  SYSTEM,0014,BRAKE SYSTEM,0014A,BODY MOUNTS SYSTEM
00,COMPLETE VEHICLE  SYSTEM,0015,BRAKE TUBE SYSTEM,0015A,BODY SYSTEM
00,COMPLETE VEHICLE  SYSTEM,0016,CLUTCH SYSTEM,0016A,BRAKE SYSTEM
00,COMPLETE VEHICLE  SYSTEM,0017,CONSOLE SYSTEM,0017A,BRAKE TUBE SYSTEM
00,COMPLETE VEHICLE  SYSTEM,0018,DRIVE SHAFT SYSTEM,0018A,CLUTCH SYSTEM
00,COMPLETE VEHICLE  SYSTEM,0019,DRIVEN AXLES FRONT AND REAR,0019A,CONSOLE SYSTEM
00,COMPLETE VEHICLE  SYSTEM,0020,ELECTRICAL SYSTEM,0020A,DRIVE SHAFT SYSTEM
00,COMPLETE VEHICLE  SYSTEM,0021,ENGINE COOLING SYSTEM,0021A,DRIVEN AXLES FRONT AND REAR
00,COMPLETE VEHICLE  SYSTEM,0022,ENGINE MOUNT SYSTEM,0022A,ELECTRICAL SYSTEM
00,COMPLETE VEHICLE  SYSTEM,0023,ENGINE SYSTEM,0023A,ENGINE COOLING SYSTEM
00,COMPLETE VEHICLE  SYSTEM,0024,EXHAUST SYSTEM,0024A,ENGINE MOUNT SYSTEM
00,COMPLETE VEHICLE  SYSTEM,0025,FRAME SYSTEM,0025A,ENGINE SYSTEM
00,COMPLETE VEHICLE  SYSTEM,0026,FUEL SYSTEM,0026A,EXHAUST SYSTEM
00,COMPLETE VEHICLE  SYSTEM,0027,GEAR SHIFT SYSTEM,0027A,FRAME SYSTEM
00,COMPLETE VEHICLE  SYSTEM,0028,GLASS SYSTEM,0028A,FUEL SYSTEM
00,COMPLETE VEHICLE  SYSTEM,0029,HVAC SYSTEM,0029A,GEAR SHIFT SYSTEM
00,COMPLETE VEHICLE  SYSTEM,0030,MECHANISM SYSTEM,0030A,GLASS SYSTEM
00,COMPLETE VEHICLE  SYSTEM,0031,PARK BRAKE SYSTEM,0031A,HVAC SYSTEM
00,COMPLETE VEHICLE  SYSTEM,0032,PEDALS AND CONTROLS SYSTEM,0032A,MECHANISM SYSTEM
00,COMPLETE VEHICLE  SYSTEM,0033,PLUGS SYSTEM,0033A,PARK BRAKE SYSTEM
00,COMPLETE VEHICLE  SYSTEM,0034,POWERTRAIN SYSTEM,0034A,PEDALS AND CONTROLS SYSTEM
00,COMPLETE VEHICLE  SYSTEM,0035,PROPELLER SHAFT SYSTEM,0035A,PLUGS SYSTEM
00,COMPLETE VEHICLE  SYSTEM,0036,SAFETY AND RESTRAINTS SYSTEM,0036A,POWERTRAIN SYSTEM
00,COMPLETE VEHICLE  SYSTEM,0037,SEALS SYSTEM,0037A,PROPELLER SHAFT SYSTEM
00,COMPLETE VEHICLE  SYSTEM,0038,SEAT SYSTEM,0038A,SAFETY AND RESTRAINTS SYSTEM
00,COMPLETE VEHICLE  SYSTEM,0039,STEERING SYSTEM,0039A,SEALS SYSTEM
00,COMPLETE VEHICLE  SYSTEM,0040,SUSPENSION FRONT SYSTEM,0040A,SEAT SYSTEM
00,COMPLETE VEHICLE  SYSTEM,0041,SUSPENSION REAR SYSTEM,0041A,STEERING SYSTEM
00,COMPLETE VEHICLE  SYSTEM,0042,TOOLS AND JACK SYSTEM,0042A,SUSPENSION FRONT SYSTEM
00,COMPLETE VEHICLE  SYSTEM,0043,TRANSAXLE SYSTEM,0043A,SUSPENSION REAR SYSTEM
00,COMPLETE VEHICLE  SYSTEM,0044,TRASNMISSION SYSTEM,0044A,TOOLS AND JACK SYSTEM
00,COMPLETE VEHICLE  SYSTEM,0045,TRIM EXTERIOR SYSTEM,0045A,TRANSAXLE SYSTEM
00,COMPLETE VEHICLE  SYSTEM,0046,TRIM INTERIOR SYSTEM,0046A,TRASNMISSION SYSTEM
00,COMPLETE VEHICLE  SYSTEM,0047,TRIM IP AND CCB SYSTEM,0047A,TRIM EXTERIOR SYSTEM
00,COMPLETE VEHICLE  SYSTEM,0048,TRIM NVH SYSTEM,0048A,TRIM INTERIOR SYSTEM
00,COMPLETE VEHICLE  SYSTEM,0049,VACCUM SYSTEM,0049A,TRIM IP AND CCB SYSTEM
00,COMPLETE VEHICLE  SYSTEM,0050,WHEELS AND TYPE SYSTEM,0050A,TRIM NVH SYSTEM
01,BODY SYSTEM,0101,BODY STRUCTURE SUB SYSTEM,0101A,BODY SHELL ASSY
01,BODY SYSTEM,0101,BODY STRUCTURE SUB SYSTEM,0101B,UNDERBODY
01,BODY SYSTEM,0101,BODY STRUCTURE SUB SYSTEM,0101C,BODY DASH AND COWL
01,BODY SYSTEM,0101,BODY STRUCTURE SUB SYSTEM,0101D,ROOF
01,BODY SYSTEM,0101,BODY STRUCTURE SUB SYSTEM,0101E,BODY SIDE AND QUARTER
01,BODY SYSTEM,0101,BODY STRUCTURE SUB SYSTEM,0101F,PACKAGE TRAY
01,BODY SYSTEM,0101,BODY STRUCTURE SUB SYSTEM,0101G,BODY REAR END
01,BODY SYSTEM,0101,BODY STRUCTURE SUB SYSTEM,0101H,DEFLECTOR AND SHIELD ( UNDERBODY)
01,BODY SYSTEM,0101,BODY STRUCTURE SUB SYSTEM,0101J,REAR FENDERS
01,BODY SYSTEM,0102,FRONT END,0102A,FRONT STRUCTURE
01,BODY SYSTEM,0102,FRONT END,0102B,GRILL OPNG. PNL/FRT SHT-METAL
01,BODY SYSTEM,0102,FRONT END,0102C,FRONT FENDERS
01,BODY SYSTEM,0102,FRONT END,0102D,DEFLECTORS AND SHIELDS ( FRT END)
01,BODY SYSTEM,0102,FRONT END,0102E,HOOD AND MOUNTING
01,BODY SYSTEM,0102,FRONT END,0102F,HEAD LAMP MOUNTING PANEL
01,BODY SYSTEM,0102,FRONT END,0102G,AERODYNAMIC U/SHIELDS AND A/SPOILER
01,BODY SYSTEM,0103,BODY CLOSURES,0103A,SIDE DOORS
01,BODY SYSTEM,0103,BODY CLOSURES,0103C,REAR DECKLID / T. GATE /L.GATE /B.DOORS
01,BODY SYSTEM,0103,BODY CLOSURES,0103D,STORAGE ACCESS DOORS
01,BODY SYSTEM,0104,SECOND UNIT BODY (CARGO),0104A,CARGO BOX BODY
01,BODY SYSTEM,0104,SECOND UNIT BODY (CARGO),0104C,UNDERBODY CARGO
01,BODY SYSTEM,0104,SECOND UNIT BODY (CARGO),0104E,BODY SIDE CARGO
01,BODY SYSTEM,0104,SECOND UNIT BODY (CARGO),0104F,FRONT END CARGO
01,BODY SYSTEM,0104,SECOND UNIT BODY (CARGO),0104G,REAR END / TAIL GATE CARGO
01,BODY SYSTEM,0105,ROOF TRIM & ORNAMENTATION-INTERIOR,0105A,FLOOR TRIM
01,BODY SYSTEM,0105,ROOF TRIM & ORNAMENTATION-INTERIOR,0105B,COWL TRIM
01,BODY SYSTEM,0105,ROOF TRIM & ORNAMENTATION-INTERIOR,0105C,ROOF INTERIOR TRIM AND ORNAMENTATION
01,BODY SYSTEM,0105,ROOF TRIM & ORNAMENTATION-INTERIOR,0105D,SUNVISORS
01,BODY SYSTEM,0105,ROOF TRIM & ORNAMENTATION-INTERIOR,0105E,SIDE DOOR  INTERIOR TRIM & ORNAMENTATION
01,BODY SYSTEM,0105,ROOF TRIM & ORNAMENTATION-INTERIOR,0105F,RR SD DR- TR AND ORNAMENTATION
01,BODY SYSTEM,0105,ROOF TRIM & ORNAMENTATION-INTERIOR,0105G,BODY SIDE /QTR-INTERIOR TRIM & ORNM
01,BODY SYSTEM,0105,ROOF TRIM & ORNAMENTATION-INTERIOR,0105H,BODY REAR END-INTERIOR TRIM & ORNM
01,BODY SYSTEM,0105,ROOF TRIM & ORNAMENTATION-INTERIOR,0105J,T GATE/L GATE/ B DR-INTERIOR TRIM & ORNM
01,BODY SYSTEM,0105,ROOF TRIM & ORNAMENTATION-INTERIOR,0105K,SLEEPER COMPARTMENT-INTERIOR TRIM & ORNM
01,BODY SYSTEM,0105,ROOF TRIM & ORNAMENTATION-INTERIOR,0105L,INTERIOR ACCESSORY BAR
01,BODY SYSTEM,0106,SOUND AND HEAT CONTROL BODY,0106A,SOUND CONTROL -LESS B. DR/ T.GATE
01,BODY SYSTEM,0106,SOUND AND HEAT CONTROL BODY,0106B,SOUND CONTROL-B. DR/ T.GATE
01,BODY SYSTEM,0106,SOUND AND HEAT CONTROL BODY,0106C,HEAT CONTROL
01,BODY SYSTEM,0107,SEALING,0107A,STATIC WEATHERSTRIPS
01,BODY SYSTEM,0107,SEALING,0107B,DYNAMIC WEATHERSTRIPS
01,BODY SYSTEM,0107,SEALING,0107C,SOFT SEALING
01,BODY SYSTEM,0107,SEALING,0107D,STRUCTURAL ADHESIVES
01,BODY SYSTEM,0107,SEALING,0107E,JOINT FINISHING
01,BODY SYSTEM,0107,SEALING,0107F,SEALING PLUGS / FUNCTIONAL TAPES
01,BODY SYSTEM,0107,SEALING,0107G,DOOR AND QTR. PNL WATERSHIELDS
01,BODY SYSTEM,0108,EXTERIOR TRIM AND ORNAMENTATION,0108A,RADIATOR GRILLE / HEAD LAMP BEZEL
01,BODY SYSTEM,0108,EXTERIOR TRIM AND ORNAMENTATION,0108B,FRONT END-EXTERIOR TRIM & ORNAMENTATION
01,BODY SYSTEM,0108,EXTERIOR TRIM AND ORNAMENTATION,0108C,FRONT END-AIR DAM EXTENSIONS-EXTR TRIM
01,BODY SYSTEM,0108,EXTERIOR TRIM AND ORNAMENTATION,0108D,ROOF TRIM & ORNAMENTATION-EXTERIOR
01,BODY SYSTEM,0108,EXTERIOR TRIM AND ORNAMENTATION,0108E,BODY SIDE/QTR-EXTR TRIM & ORNM
01,BODY SYSTEM,0108,EXTERIOR TRIM AND ORNAMENTATION,0108F,BODY REAR END-EXTERIOR TRIM & ORNM
01,BODY SYSTEM,0108,EXTERIOR TRIM AND ORNAMENTATION,0108G,RR DECKLID/T-GATE/L.GATE-EXTR TRIM &ORNM
01,BODY SYSTEM,0108,EXTERIOR TRIM AND ORNAMENTATION,0108H,EXTERIOR ACCESSORY BAR
01,BODY SYSTEM,0108,EXTERIOR TRIM AND ORNAMENTATION,0108J,EXTERIOR STEPS & GRAB HANDLES
01,BODY SYSTEM,0109,REAR VIEW MIRROR,0109A,INSIDE MIRRORS
01,BODY SYSTEM,0109,REAR VIEW MIRROR,0109B,OUTSIDE MIRRORS
01,BODY SYSTEM,0109,REAR VIEW MIRROR,0109E,MIRROR POSITION CONTROLS
01,BODY SYSTEM,0110,SEATING,0110A,FRT SEAT TRIM/ORNAMENTS
01,BODY SYSTEM,0110,SEATING,0110B,FRT SEAT SPRING / FRAME /TRACK MECH
01,BODY SYSTEM,0110,SEATING,0110C,REAR SEAT TRIM/ ORNAMENTS
01,BODY SYSTEM,0110,SEATING,0110D,REAR SEAT SPRING / FRAME  / TRACK MECH
01,BODY SYSTEM,0110,SEATING,0110E,AUXILARY SEAT TRIM / ORNAMENTS
01,BODY SYSTEM,0110,SEATING,0110F,AUXILARY SEAT SPRING / FRAME /TRACK MECH
01,BODY SYSTEM,0110,SEATING,0110G,POWER SEAT MECHANISM
01,BODY SYSTEM,0110,SEATING,0110H,POWER SEAT ELECTRIC MOTORS
01,BODY SYSTEM,0110,SEATING,0110J,POWER SEAT CONTROLS
01,BODY SYSTEM,0110,SEATING,0110K,POWER MEMORY SEAT CONTROL MODULE
01,BODY SYSTEM,0110,SEATING,0110L,ELECTRICALLY HEATED SEATS
01,BODY SYSTEM,0110,SEATING,0110M,SEAT OCCUPANT SENSING SWITCHES
01,BODY SYSTEM,0111,GLASS FRAMES AND MECHANISMS,0111A,WINDSHIELD GLASS ( GLAZING)
01,BODY SYSTEM,0111,GLASS FRAMES AND MECHANISMS,0111B,ROOF GLASS FIXED
01,BODY SYSTEM,0111,GLASS FRAMES AND MECHANISMS,0111C,FRT/REAR DOOR GLASS-FRMAE / MECH.
01,BODY SYSTEM,0111,GLASS FRAMES AND MECHANISMS,0111D,BODY SIDE QTR. GLASS-FRAME / MECH
01,BODY SYSTEM,0111,GLASS FRAMES AND MECHANISMS,0111E,BODY REAR END GLASS -FRAME/MECH
01,BODY SYSTEM,0111,GLASS FRAMES AND MECHANISMS,0111H,POWER WINDOW MECHANISMS
01,BODY SYSTEM,0111,GLASS FRAMES AND MECHANISMS,0111J,POWER WINDOW CONTROLS
01,BODY SYSTEM,0111,GLASS FRAMES AND MECHANISMS,0111K,POWER WINDOW MOTORS
01,BODY SYSTEM,0112,INSTRUMENT PNL. & CONSOLE,0112A,INSTRUMENT PANEL
01,BODY SYSTEM,0112,INSTRUMENT PNL. & CONSOLE,0112B,CONSOLE UNIT
01,BODY SYSTEM,0114,HANDLES /LOCKS LATCH MECH,0114A,LOCK SET AND KEYS
01,BODY SYSTEM,0114,HANDLES /LOCKS LATCH MECH,0114B,KEY ILLUMINATION DEVICE
01,BODY SYSTEM,0114,HANDLES /LOCKS LATCH MECH,0114C,BODY FRONT END/HOOD LATCH MECH
01,BODY SYSTEM,0114,HANDLES /LOCKS LATCH MECH,0114D,BODY SIDE DOORS- HANDLES / LATCHES
01,BODY SYSTEM,0114,HANDLES /LOCKS LATCH MECH,0114E,D-LID/T-GATE /L-GATE- HANDLE /LATCHES
01,BODY SYSTEM,0114,HANDLES /LOCKS LATCH MECH,0114F,U-BODY-FLR COMPT LATCHES/MECH
01,BODY SYSTEM,0114,HANDLES /LOCKS LATCH MECH,0114G,POWER LOCK SOLENOIDS/MOTORS
01,BODY SYSTEM,0114,HANDLES /LOCKS LATCH MECH,0114H,POWER LOCK CONTROLS
01,BODY SYSTEM,0114,HANDLES /LOCKS LATCH MECH,0114J,KEYS LESS ENTRY/COMPUTER OPERATING LOCK
01,BODY SYSTEM,0114,HANDLES /LOCKS LATCH MECH,0114K,FUEL FILL DOOR LATCHES MECH
01,BODY SYSTEM,0114,HANDLES /LOCKS LATCH MECH,0114L,DAMPNER
01,BODY SYSTEM,0116,WIPERS AND WASHERS,0116A,WINDSHIELD/BACKLITE WIPERS
01,BODY SYSTEM,0116,WIPERS AND WASHERS,0116B,LINKAGES
01,BODY SYSTEM,0116,WIPERS AND WASHERS,0116C,WINDSHIELD/BACKLITE WASHERS
01,BODY SYSTEM,0116,WIPERS AND WASHERS,0116D,HEAD LAMP / TAIL LAMP WASHERS
01,BODY SYSTEM,0116,WIPERS AND WASHERS,0116E,WIPER MOTORS
01,BODY SYSTEM,0116,WIPERS AND WASHERS,0116F,WIPER/WASHER CONTROLS
01,BODY SYSTEM,0116,WIPERS AND WASHERS,0116G,WASHER FLUID
01,BODY SYSTEM,0117,CONVERTIBLE TOP / ROOF OPEN PNL,0117A,CONVERTIBLE TOP & TRIM
01,BODY SYSTEM,0117,CONVERTIBLE TOP / ROOF OPEN PNL,0117B,CONVERTIBLE TOP MECHANISM
01,BODY SYSTEM,0117,CONVERTIBLE TOP / ROOF OPEN PNL,0117C,ROOF OPENING PANEL-CONVERTIBLE TOP
01,BODY SYSTEM,0117,CONVERTIBLE TOP / ROOF OPEN PNL,0117D,ROOF OPENG PNL HINGE /REM MECH-CONV TOP
01,BODY SYSTEM,0117,CONVERTIBLE TOP / ROOF OPEN PNL,0117E,ROOF OPENG PNL SLIDING MECH- CONV TOP
01,BODY SYSTEM,0117,CONVERTIBLE TOP / ROOF OPEN PNL,0117F,POWER OPERATION CONTROL- CONVERTIBLE TOP
01,BODY SYSTEM,0117,CONVERTIBLE TOP / ROOF OPEN PNL,0117G,ELECTRIC MOTOR-CONVERTIBLE TOP
01,BODY SYSTEM,0118,BODY PAINT AREA,0118A,BODY PAINT
01,BODY SYSTEM,0118,BODY PAINT AREA,0118B,BODY CORROSSION PROTECTION
01,BODY SYSTEM,0118,BODY PAINT AREA,0118C,BODY STRIPES-PAINT /TAPE /V-FILM
01,BODY SYSTEM,0119,BUMPERS,0119A,FRONT BUMPER
01,BODY SYSTEM,0119,BUMPERS,0119B,REAR BUMPER
01,BODY SYSTEM,0119,BUMPERS,0119C,ENERGY ABSORBER /BUMPER ISOL UNIT
01,BODY SYSTEM,0119,BUMPERS,0119D,LIC. PLATE BRKTS
01,BODY SYSTEM,0120,OCCUPANT RESTRAINING DEVICE,0120A,SEAT BELT /SHOULDER HARNESS
01,BODY SYSTEM,0120,OCCUPANT RESTRAINING DEVICE,0120B,SEAT BELT /SHOULDER HARNESS SWITCH
01,BODY SYSTEM,0120,OCCUPANT RESTRAINING DEVICE,0120C,PASSENGER RESTRAINT BAG
01,BODY SYSTEM,0120,OCCUPANT RESTRAINING DEVICE,0120D,MISC. PASSIVE RESTRAINT SYSTEMS
01,BODY SYSTEM,0120,OCCUPANT RESTRAINING DEVICE,0120E,RESTRAINT DEVICE -ACTUATOR SENSING
01,BODY SYSTEM,0120,OCCUPANT RESTRAINING DEVICE,0120F,RESTRAINING DEVICE -DIAGNOSTIC
01,BODY SYSTEM,0120,OCCUPANT RESTRAINING DEVICE,0120G,ELECTRIC MOTORS
01,BODY SYSTEM,0121,ADD-ON SLEEPER COMPARTMENT,0121A,SLEEPER COMPARTMENT
01,BODY SYSTEM,0122,SPARE TYRE MOUNTING ( BODY),0122A,SPARE WHEEL RETAINER
01,BODY SYSTEM,0122,SPARE TYRE MOUNTING ( BODY),0122B,SPARE WHEEL EXTERIOR MOUNTING
01,BODY SYSTEM,0123,MISC ACCESSORIES,0123A,MISC ACCESSORIES
02,FRAME  MOUNTING SYSTEM,0201,FRAME SUB SYSTEM,0201A,FRAME ASSY
02,FRAME  MOUNTING SYSTEM,0201,FRAME SUB SYSTEM,0201B,SPECIAL PROTECTIVE STRUCTURES
02,FRAME  MOUNTING SYSTEM,0201,FRAME SUB SYSTEM,0201C,FRAME CORROSSION PROTECTIONS
02,FRAME  MOUNTING SYSTEM,0201,FRAME SUB SYSTEM,0201E,SIDE MEMBERS
02,FRAME  MOUNTING SYSTEM,0201,FRAME SUB SYSTEM,0201F,CROSS MEMBERS
02,FRAME  MOUNTING SYSTEM,0202,BODY MOUNTING,0202A,BODY ISOLATION
02,FRAME  MOUNTING SYSTEM,0202,BODY MOUNTING,0202B,CAB TILTING MECHANISMS
02,FRAME  MOUNTING SYSTEM,0202,BODY MOUNTING,0202C,SECOND UNIT BODY TILTING MECH
02,FRAME  MOUNTING SYSTEM,0202,BODY MOUNTING,0202D,CAB SUSP LEVELLING MECH
02,FRAME  MOUNTING SYSTEM,0203,ENGINE / TRANSMISSION MOUNTING,0203A,ENGINE MOUNTS
02,FRAME  MOUNTING SYSTEM,0203,ENGINE / TRANSMISSION MOUNTING,0203B,TRANS/TRANSAXLE MOUNTS OR CROSSMEMBER
02,FRAME  MOUNTING SYSTEM,0203,ENGINE / TRANSMISSION MOUNTING,0203C,ROLL RESTRICTOR
02,FRAME  MOUNTING SYSTEM,0203,ENGINE / TRANSMISSION MOUNTING,0203D,ENGINE MOTION DAMPERS
02,FRAME  MOUNTING SYSTEM,0204,TOWING / COUPLING ATTACHMENTS,0204A,TOWING PROVISION
02,FRAME  MOUNTING SYSTEM,0204,TOWING / COUPLING ATTACHMENTS,0204B,TRAILER COUPLING ATTACHMENT
02,FRAME  MOUNTING SYSTEM,0204,TOWING / COUPLING ATTACHMENTS,0204C,JACK ATTACHMENT
02,FRAME  MOUNTING SYSTEM,0205,SPARE TYRE MOUNTING ( CHASSIS),0205A,SPARE WHEEL FRAME MOUNTING
02,FRAME  MOUNTING SYSTEM,0206,SPLASH / HEAT SHIELDS,0206A,DEFLECTORS AND SHIELDS
02,FRAME  MOUNTING SYSTEM,0206,SPLASH / HEAT SHIELDS,0206B,HEAT SHIELDS
02,FRAME  MOUNTING SYSTEM,0206,SPLASH / HEAT SHIELDS,0206C,APRON
02,FRAME  MOUNTING SYSTEM,0207,SOUND CONTROL,0207A,NOISE SHIELDS
02,FRAME  MOUNTING SYSTEM,0208,SUPPORT GROUP,0208A,SUSPENSION SUPPORT
02,FRAME  MOUNTING SYSTEM,0208,SUPPORT GROUP,0208C,STEERING SUPPORT
02,FRAME  MOUNTING SYSTEM,0208,SUPPORT GROUP,0208D,EXHAUST / UREA SUPPORT
02,FRAME  MOUNTING SYSTEM,0208,SUPPORT GROUP,0208E,FUEL LINE SUPPORT
02,FRAME  MOUNTING SYSTEM,0208,SUPPORT GROUP,0208F,BRAKE SUPPORT
02,FRAME  MOUNTING SYSTEM,0208,SUPPORT GROUP,0208G,BUMPER/BULL BAR SUPPORT
02,FRAME  MOUNTING SYSTEM,0208,SUPPORT GROUP,0208H,HEAT EXCHANGER SUPPORT
02,FRAME  MOUNTING SYSTEM,0208,SUPPORT GROUP,0208J,ELECTRICAL SUPPORT
02,FRAME  MOUNTING SYSTEM,0208,SUPPORT GROUP,0208K,CLUTCH SUPPORT
03,ENGINE SYSTEM,0301,ENGINE SYSTEM,0301A,MnM PRODUCED SPARK IGNIT IN-LINE
03,ENGINE SYSTEM,0301,ENGINE SYSTEM,0301B,MnM PRODUCED DIESEL IN LINE
03,ENGINE SYSTEM,0301,ENGINE SYSTEM,0301C,VENDOR PRODUCED SPARK IN-LINE
03,ENGINE SYSTEM,0301,ENGINE SYSTEM,0301D,VENDOR PRODUCED DIESEL IN-LINE
03,ENGINE SYSTEM,0302,BASIC ENGINE STRUCTURE,0302A,CYLINDER BLOCK
03,ENGINE SYSTEM,0302,BASIC ENGINE STRUCTURE,0302B,CYLINDER HEAD
03,ENGINE SYSTEM,0302,BASIC ENGINE STRUCTURE,0302C,INTAKE MANIFOLD
03,ENGINE SYSTEM,0302,BASIC ENGINE STRUCTURE,0302D,EXHAUST MANIFOLD
03,ENGINE SYSTEM,0302,BASIC ENGINE STRUCTURE,0302E,FLYWHEEL HOUSING /ADAPTER
03,ENGINE SYSTEM,0302,BASIC ENGINE STRUCTURE,0302F,ENGINE LIFTING EYES
03,ENGINE SYSTEM,0303,ENGINE LUBRICATION,0303A,OIL PUMP AND SCREEN
03,ENGINE SYSTEM,0303,ENGINE LUBRICATION,0303B,OIL FILTER DIPSTICK AND FILLER
03,ENGINE SYSTEM,0303,ENGINE LUBRICATION,0303C,OIL PAN AND RESERVIOR
03,ENGINE SYSTEM,0303,ENGINE LUBRICATION,0303D,ENGINE OIL COOLER
03,ENGINE SYSTEM,0303,ENGINE LUBRICATION,0303E,OIL DISTRIBUTION
03,ENGINE SYSTEM,0303,ENGINE LUBRICATION,0303F,ENGINE LUBRICANTS
03,ENGINE SYSTEM,0304,COOLING SYSTEMS,0304A,RADIATOR & INTER COOLER  ASSY  
03,ENGINE SYSTEM,0304,COOLING SYSTEMS,0304B,DEGASSING TANK & RECOVERY TANK
03,ENGINE SYSTEM,0304,COOLING SYSTEMS,0304C,HOSES & PIPES
03,ENGINE SYSTEM,0304,COOLING SYSTEMS,0304D,BRACKETS
03,ENGINE SYSTEM,0304,COOLING SYSTEMS,0304E,PUMP
03,ENGINE SYSTEM,0304,COOLING SYSTEMS,0304F,CONSUMABLES
03,ENGINE SYSTEM,0304,COOLING SYSTEMS,0304G,ENGINE COOLANT
03,ENGINE SYSTEM,0304,COOLING SYSTEMS,0304H,FAN DRIVE-ELECTRIC MOTOR
03,ENGINE SYSTEM,0304,COOLING SYSTEMS,0304J,FAN DRIVE- RELAY
03,ENGINE SYSTEM,0304,COOLING SYSTEMS,0304K,FAN- CONTROLS
03,ENGINE SYSTEM,0304,COOLING SYSTEMS,0304L,ENGINE COOLANT HEATING ELEMENT
03,ENGINE SYSTEM,0305,FUEL CHARGING AND CONTROLS,0305A,CARBURETION
03,ENGINE SYSTEM,0305,FUEL CHARGING AND CONTROLS,0305B,FUEL INJECTION- MECH COMPONENT
03,ENGINE SYSTEM,0305,FUEL CHARGING AND CONTROLS,0305C,FUEL INJECTION- ELECT COMPONENT
03,ENGINE SYSTEM,0305,FUEL CHARGING AND CONTROLS,0305D,FUEL LINES & FILTERS (ENGINE)
03,ENGINE SYSTEM,0305,FUEL CHARGING AND CONTROLS,0305E,ENGINE GOVERNERS -MECH
03,ENGINE SYSTEM,0305,FUEL CHARGING AND CONTROLS,0305F,ENGINE GOVERNERS -ELECT
03,ENGINE SYSTEM,0305,FUEL CHARGING AND CONTROLS,0305G,TURBOCHARGER/ SUPERCHARGER
03,ENGINE SYSTEM,0305,FUEL CHARGING AND CONTROLS,0305H,MECH. FUEL PUMPS
03,ENGINE SYSTEM,0305,FUEL CHARGING AND CONTROLS,0305J,VEH. DECCELERATION FUEL SHUT-OFF
03,ENGINE SYSTEM,0305,FUEL CHARGING AND CONTROLS,0305K,CARBURATOR COOLING FANS
03,ENGINE SYSTEM,0306,ACCESSORY DRIVE,0306A,AIR CONDITIONING DRIVE
03,ENGINE SYSTEM,0306,ACCESSORY DRIVE,0306B,COOLANT CIRCULATION DRIVE
03,ENGINE SYSTEM,0306,ACCESSORY DRIVE,0306C,POWER STEERING DRIVE
03,ENGINE SYSTEM,0306,ACCESSORY DRIVE,0306D,ALTERNATOR / GENERATOR DRIVE
03,ENGINE SYSTEM,0306,ACCESSORY DRIVE,0306E,AIR PUMP / COMPRESSOR / VAC GEN DRIVE
03,ENGINE SYSTEM,0306,ACCESSORY DRIVE,0306F,ACCESSORY DRIVE -SPEED CONTROL
03,ENGINE SYSTEM,0306,ACCESSORY DRIVE,0306G,DRIVE BELTS
03,ENGINE SYSTEM,0306,ACCESSORY DRIVE,0306H,CRANKSHAFT DRIVE PULLEYS
03,ENGINE SYSTEM,0306,ACCESSORY DRIVE,0306J,OTHER ACCESSORY DRIVE PULLEYS
03,ENGINE SYSTEM,0307,ENGINE CRANKING,0307A,STARTER RING GEAR- MAN TRANSM
03,ENGINE SYSTEM,0307,ENGINE CRANKING,0307B,STARTER RING GEAR- AUTO TRANSM
03,ENGINE SYSTEM,0307,ENGINE CRANKING,0307C,STARTER AND INTEGRAL SOLENOID
03,ENGINE SYSTEM,0307,ENGINE CRANKING,0307D,STARTER RELAY AND SWITCHES
03,ENGINE SYSTEM,0307,ENGINE CRANKING,0307E,STARTING AIDS
03,ENGINE SYSTEM,0308,ENGINE IGNITION,0308A,DISTRIBUTOR
03,ENGINE SYSTEM,0308,ENGINE IGNITION,0308B,IGNITION COIL
03,ENGINE SYSTEM,0308,ENGINE IGNITION,0308C,SPARK PLUG
03,ENGINE SYSTEM,0308,ENGINE IGNITION,0308D,IGNITION WIRING
03,ENGINE SYSTEM,0308,ENGINE IGNITION,0308E,ELECTRIC IGNITION
03,ENGINE SYSTEM,0309,ELECT. EMMISSION CONTROL,0309A,ENGINE VENTILATION
03,ENGINE SYSTEM,0309,ELECT. EMMISSION CONTROL,0309B,SECONDARY AIR EMMISSION CONTROL
03,ENGINE SYSTEM,0309,ELECT. EMMISSION CONTROL,0309C,EMMISSION CNTRL-DISTRIBUTION MECHANISM
03,ENGINE SYSTEM,0309,ELECT. EMMISSION CONTROL,0309D,EXHAUST GAS RECIRCULATION
03,ENGINE SYSTEM,0309,ELECT. EMMISSION CONTROL,0309E,DECELERATION DRIVE
03,ENGINE SYSTEM,0309,ELECT. EMMISSION CONTROL,0309F,CATALYTIC CONVERTOR-INT. COMPONENTS
03,ENGINE SYSTEM,0309,ELECT. EMMISSION CONTROL,0309G,PARTICULATE TRAP-INT.COMPONENTS
03,ENGINE SYSTEM,0310,VALVE TRAIN,0310A,CAMSHAFT AND DRIVE
03,ENGINE SYSTEM,0310,VALVE TRAIN,0310B,VALVE ACTUATION-MECHANICAL
03,ENGINE SYSTEM,0310,VALVE TRAIN,0310C,VALVE ACTUATION-ELECTRICAL
03,ENGINE SYSTEM,0310,VALVE TRAIN,0310D,VALVES
03,ENGINE SYSTEM,0310,VALVE TRAIN,0310E,VALVE TRAIN ACCESSORY DRIVE
03,ENGINE SYSTEM,0311,ENGINE SEALING,0311A,OIL CONTROL
03,ENGINE SYSTEM,0311,ENGINE SEALING,0311B,COOLANT CONTROL
03,ENGINE SYSTEM,0311,ENGINE SEALING,0311C,AIR AND CONTAMINANT CONTROL
03,ENGINE SYSTEM,0311,ENGINE SEALING,0311D,ENGINE COVERS
03,ENGINE SYSTEM,0312,ENGINE POWER CONVERSION,0312A,CRANKSHAFT
03,ENGINE SYSTEM,0312,ENGINE POWER CONVERSION,0312B,PISTON/RINGS/ CONNECTING RODS
03,ENGINE SYSTEM,0312,ENGINE POWER CONVERSION,0312C,FLYWHEEL
03,ENGINE SYSTEM,0313,AIR CHARGING,0313A,AIR CLEANER 
03,ENGINE SYSTEM,0313,AIR CHARGING,0313B,AIR COOLERS
03,ENGINE SYSTEM,0313,AIR CHARGING,0313C,ACOUSTICAL CONTROL COMPONENTS
03,ENGINE SYSTEM,0313,AIR CHARGING,0313D,HOSES AND DUCTS
03,ENGINE SYSTEM,0313,AIR CHARGING,0313E,SEALINGS
03,ENGINE SYSTEM,0313,AIR CHARGING,0313F,SUPPORTS
03,ENGINE SYSTEM,0314,EVAPORATIVE EMMISSION,0314A,FUEL VAPOUR STORAGE CANISTERS
03,ENGINE SYSTEM,0314,EVAPORATIVE EMMISSION,0314B,FUEL VAPOUR LINES
03,ENGINE SYSTEM,0314,EVAPORATIVE EMMISSION,0314C,CONTROL MOUDES AND SOLENOIDS
03,ENGINE SYSTEM,0314,EVAPORATIVE EMMISSION,0314D,VENTING DEVICES / VALVES
03,ENGINE SYSTEM,0314,EVAPORATIVE EMMISSION,0314E,SEPERATOR TANK & FILL SENSING
03,ENGINE SYSTEM,0315,ELECTRONIC ENGINE CONTROL,0315A,COMPUTER ASSY
03,ENGINE SYSTEM,0315,ELECTRONIC ENGINE CONTROL,0315B,MOUNTING HARDWARES
03,ENGINE SYSTEM,0315,ELECTRONIC ENGINE CONTROL,0315C,SENSORS/SIGNAL COND.DEVICES
03,ENGINE SYSTEM,0315,ELECTRONIC ENGINE CONTROL,0315D,ELECTRONIC ACTUATOR DEVICES
03,ENGINE SYSTEM,0315,ELECTRONIC ENGINE CONTROL,0315E,ELECTRONIC ENG. CONTROL-POWER RELAY
03,ENGINE SYSTEM,0315,ELECTRONIC ENGINE CONTROL,0315F,HYBRID CONTROL UNIT
03,ENGINE SYSTEM,0316,SOUND CONTROL ( ENGINE ),0316A,SOUND INHIBITORS
03,ENGINE SYSTEM,0317,FOOT OPERATED THROTTLE CONTROL,0317A,FOOT OPERATED THROTTLE CONTROL
04,SUSPENSION SYSTEM,0401,SUSPENSION,0401A,SPRING SUSPENSION
04,SUSPENSION SYSTEM,0401,SUSPENSION,0401B,SUSPENSION MEMBERS
04,SUSPENSION SYSTEM,0401,SUSPENSION,0401C,NON-DRIVEN AXLES
04,SUSPENSION SYSTEM,0401,SUSPENSION,0401D,HUB & SPINDLE / KNUCKLES
04,SUSPENSION SYSTEM,0401,SUSPENSION,0401E,STAB  BAR/ STRUT
04,SUSPENSION SYSTEM,0403,SHOCKABSORBERS,0403A,SHOCKABSORBERS
04,SUSPENSION SYSTEM,0403,SHOCKABSORBERS,0403C,SHOCKABSORBER DAMPNING ACTUATORS
04,SUSPENSION SYSTEM,0403,SHOCKABSORBERS,0403D,SHOCKABSORBER DAMPNING CONTROLS
04,SUSPENSION SYSTEM,0404,WHEELS AND TYRES,0404A,WHEELS
04,SUSPENSION SYSTEM,0404,WHEELS AND TYRES,0404B,TYRES
04,SUSPENSION SYSTEM,0404,WHEELS AND TYRES,0404C,WHEEL ORNAMENTS
04,SUSPENSION SYSTEM,0405,SUSPENSION -LOAD LEVEL CONTROLS,0405A,SUSPENSION -LEVELLING POWER SOURCE
04,SUSPENSION SYSTEM,0405,SUSPENSION -LOAD LEVEL CONTROLS,0405B,LOAD LEVELLING CONTROLS
04,SUSPENSION SYSTEM,0405,SUSPENSION -LOAD LEVEL CONTROLS,0405C,LOAD LEVELLING DISTRIBUTION
04,SUSPENSION SYSTEM,0405,SUSPENSION -LOAD LEVEL CONTROLS,0405D,LOAD LEVELLING ELECTRIC MOTORS
04,SUSPENSION SYSTEM,0406,FRT/ RR WHEEL ALIGNMENT,0406A,WHEEL ALIGNMENT -SPECS
05,DRIVELINE SYSTEM,0501,DRIVESHAFT,0501A,DRIVESHAFT
05,DRIVELINE SYSTEM,0501,DRIVESHAFT,0501B,DRIVE SHAFT END COUPLINGS & YOKES
05,DRIVELINE SYSTEM,0501,DRIVESHAFT,0501C,DRIVESHAFT JOINTS
05,DRIVELINE SYSTEM,0501,DRIVESHAFT,0501D,DRIVESHAFT TUBES
05,DRIVELINE SYSTEM,0501,DRIVESHAFT,0501E,DRIVESHAFT SUPPORTS
05,DRIVELINE SYSTEM,0502,DRIVE HOUSED AXLE,0502A,AXLE ASSY
05,DRIVELINE SYSTEM,0502,DRIVE HOUSED AXLE,0502B,HOUSING AXLE
05,DRIVELINE SYSTEM,0502,DRIVE HOUSED AXLE,0502E,DIFFERENTIAL ASSY
05,DRIVELINE SYSTEM,0502,DRIVE HOUSED AXLE,0502F,AXLE SHAFTS & JOINTS
05,DRIVELINE SYSTEM,0502,DRIVE HOUSED AXLE,0502G,MULTI SPEED AXLES AND CONTROLS
05,DRIVELINE SYSTEM,0502,DRIVE HOUSED AXLE,0502H,DOUBLE REDUCTION MECHANISM
05,DRIVELINE SYSTEM,0502,DRIVE HOUSED AXLE,0502J,LUBRICANTS
05,DRIVELINE SYSTEM,0502,DRIVE HOUSED AXLE,0502K,AXLE TUBE
05,DRIVELINE SYSTEM,0502,DRIVE HOUSED AXLE,0502L,AXLE SUPPORT
05,DRIVELINE SYSTEM,0504,DRIVE HALF SHAFTS,0504A,DRIVE HALF SHAFT ASSY
05,DRIVELINE SYSTEM,0504,DRIVE HALF SHAFTS,0504B,DRIVE HALF SHAFT END COUPLINGS & YOKES
05,DRIVELINE SYSTEM,0504,DRIVE HALF SHAFTS,0504C,DRIVE HALF SHAFT JOINTS
05,DRIVELINE SYSTEM,0504,DRIVE HALF SHAFTS,0504D,DRIVE HALF SHAFT TUBES
05,DRIVELINE SYSTEM,0504,DRIVE HALF SHAFTS,0504E,DRIVE HALF SHAFT SUPPORTS
05,DRIVELINE SYSTEM,0506,MULTIPLE DRIVE,0506A,MULTIPLE DRIVE COMPONENTS
05,DRIVELINE SYSTEM,0506,MULTIPLE DRIVE,0506B,POWER DRIVER
06,BRAKES SYSTEM,0601,FOUNDATION BRAKE,0601A,DISC ASSY
06,BRAKES SYSTEM,0601,FOUNDATION BRAKE,0601B,DRUM ASSY
06,BRAKES SYSTEM,0601,FOUNDATION BRAKE,0601C,HOSE & TUBES
06,BRAKES SYSTEM,0601,FOUNDATION BRAKE,0601D,ACTUATION SYSTEM
06,BRAKES SYSTEM,0601,FOUNDATION BRAKE,0601E,VALVES
06,BRAKES SYSTEM,0601,FOUNDATION BRAKE,0601F,VACCUM SYSTEM
06,BRAKES SYSTEM,0602,PARKING BRAKE,0602A,LEVER
06,BRAKES SYSTEM,0602,PARKING BRAKE,0602B,CABLES
06,BRAKES SYSTEM,0602,PARKING BRAKE,0602C,PULLEY
06,BRAKES SYSTEM,0603, SLIP CONTROL,0603A,CONTROLLERS
06,BRAKES SYSTEM,0603, SLIP CONTROL,0603B,SENSORS
06,BRAKES SYSTEM,0604,BRACKETS,0604A,BRACKETS
06,BRAKES SYSTEM,0605,CONSUMABLES,0605A,FLUID BRAKE
06,BRAKES SYSTEM,0605,CONSUMABLES,0605B,PARKING BRAKES CONTROLS( CABLE)
06,BRAKES SYSTEM,0605,CONSUMABLES,0605C,PARKING BRAKES CONTROLS( HYDRAULIC)
06,BRAKES SYSTEM,0606,HYDRAULIC BRAKES ACTUATION,0606A,MASTER CYLINDER
06,BRAKES SYSTEM,0606,HYDRAULIC BRAKES ACTUATION,0606B,PEDAL AND SUPPORTS
06,BRAKES SYSTEM,0606,HYDRAULIC BRAKES ACTUATION,0606C,TUBES & HOSES-HYDRAULIC BRAKES ACTUATION
06,BRAKES SYSTEM,0606,HYDRAULIC BRAKES ACTUATION,0606D,STOP LAMP SWITCH-HYD BRAKES ACTUATION
06,BRAKES SYSTEM,0606,HYDRAULIC BRAKES ACTUATION,0606E,BRAKE CONTROL VALVES
06,BRAKES SYSTEM,0606,HYDRAULIC BRAKES ACTUATION,0606F,BRAKE FLUID
06,BRAKES SYSTEM,0606,HYDRAULIC BRAKES ACTUATION,0606G,BRAKE FLUID RESERVIOR
06,BRAKES SYSTEM,0607,POWER BRAKE,0607A,VACCUM BOOSTER
06,BRAKES SYSTEM,0607,POWER BRAKE,0607B,VACCUM PUMP ( POWER BRAKES ONLY )
06,BRAKES SYSTEM,0607,POWER BRAKE,0607C,AIR ASSIST BOOSTER
06,BRAKES SYSTEM,0607,POWER BRAKE,0607D,HYDRAULIC ( UNIQUE HYDRO-BOOSTER)
06,BRAKES SYSTEM,0608,AIR BRAKES,0608A,AIR BRAKE VALVES
06,BRAKES SYSTEM,0608,AIR BRAKES,0608B,TUBES & HOSES-AIR BRAKES
06,BRAKES SYSTEM,0608,AIR BRAKES,0608C,STOP LAMP SWITCH-AIR BRAKES
06,BRAKES SYSTEM,0608,AIR BRAKES,0608D,AIR COMPRESSOR PUMP
06,BRAKES SYSTEM,0608,AIR BRAKES,0608E,AIR RESERVIORS
06,BRAKES SYSTEM,0609,ANTI LOCK CONTROL SUB SYSTEM,0609A,SENSORS
06,BRAKES SYSTEM,0609,ANTI LOCK CONTROL SUB SYSTEM,0609B,LOGIC MODULE
06,BRAKES SYSTEM,0609,ANTI LOCK CONTROL SUB SYSTEM,0609C,ACTU. ANTI-LOCK CONTROL COMPONENTS
06,BRAKES SYSTEM,0609,ANTI LOCK CONTROL SUB SYSTEM,0609D,UNIQUE ANTI WHEELSPIN COMPONENTS
06,BRAKES SYSTEM,0610,AUXILARY BRAKES,0610A,EXHAUST BRAKE
06,BRAKES SYSTEM,0610,AUXILARY BRAKES,0610B,HYDRAULIC RETARDER
06,BRAKES SYSTEM,0610,AUXILARY BRAKES,0610C,ELECTRIC RETARDER
07,TRANSMISSION SYSTEM,0701,AUTO TRANSMISSION / TRANSAXLE,0701A,AUTO TRANSM / TRANSAXLE ASSY
07,TRANSMISSION SYSTEM,0701,AUTO TRANSMISSION / TRANSAXLE,0701B,HOUSING AND SEALS
07,TRANSMISSION SYSTEM,0701,AUTO TRANSMISSION / TRANSAXLE,0701C,INT. HYD.OR MECH.CONTROLS /PUMPS
07,TRANSMISSION SYSTEM,0701,AUTO TRANSMISSION / TRANSAXLE,0701E,CLUTCH PACKS AND BRAKE BANDS
07,TRANSMISSION SYSTEM,0701,AUTO TRANSMISSION / TRANSAXLE,0701F,TORQUE CONVERTER & DRIVE PLATE
07,TRANSMISSION SYSTEM,0701,AUTO TRANSMISSION / TRANSAXLE,0701G,INT.ELECT/ELECTRONIC CONTROLS
07,TRANSMISSION SYSTEM,0701,AUTO TRANSMISSION / TRANSAXLE,0701H,TRANSMISSION FLUID (AUTOMATIC)
07,TRANSMISSION SYSTEM,0701,AUTO TRANSMISSION / TRANSAXLE,0701J,SHEAVES AND BELTS
07,TRANSMISSION SYSTEM,0701,AUTO TRANSMISSION / TRANSAXLE,0701K,AUTO TRANSAXLE DIFFERENTIAL
07,TRANSMISSION SYSTEM,0702,TRANSMISSION COOLING,0702A,TRANSMISSION COOLER
07,TRANSMISSION SYSTEM,0702,TRANSMISSION COOLING,0702B,HOSES TRANSMISSION COOLER
07,TRANSMISSION SYSTEM,0703,MANUAL TRANSMISSION/ TRANSAXLE,0703A,TRANSMISSION /TRANSAXLE ASSY
07,TRANSMISSION SYSTEM,0703,MANUAL TRANSMISSION/ TRANSAXLE,0703B,TRANSMISSION / TRANSAXLE HOUSING
07,TRANSMISSION SYSTEM,0703,MANUAL TRANSMISSION/ TRANSAXLE,0703C,TRNS / TRANSAXLE INTERNAL CONTROLS
07,TRANSMISSION SYSTEM,0703,MANUAL TRANSMISSION/ TRANSAXLE,0703D,TRNS TRANSAXLE GEAR SETS/SHAFTS/BRG
07,TRANSMISSION SYSTEM,0703,MANUAL TRANSMISSION/ TRANSAXLE,0703E,TRANSMISSION / TRANSAXLE SYNCHRONISERS
07,TRANSMISSION SYSTEM,0703,MANUAL TRANSMISSION/ TRANSAXLE,0703F,SPEEDO DRIVE AND DRIVEN GEARS
07,TRANSMISSION SYSTEM,0703,MANUAL TRANSMISSION/ TRANSAXLE,0703G,TRANSAXLE DIFFERENTIAL
07,TRANSMISSION SYSTEM,0703,MANUAL TRANSMISSION/ TRANSAXLE,0703H,FLUID
07,TRANSMISSION SYSTEM,0704,AUXILARY TRANSMISSION,0704A,NON-INTEGRATED AUXILARY TRANSM O/D.
07,TRANSMISSION SYSTEM,0704,AUXILARY TRANSMISSION,0704B,NON-INTEGRATED RANGE SPLITTER
07,TRANSMISSION SYSTEM,0705,AUTO.TRAN.EXTERNAL CONTROLS,0705A,DRVR OPERTD EXTL CONTROL- FLOOR SHIFT
07,TRANSMISSION SYSTEM,0705,AUTO.TRAN.EXTERNAL CONTROLS,0705B,EXTERNAL CONTROLS -ELECT/ELECTRONIC
07,TRANSMISSION SYSTEM,0705,AUTO.TRAN.EXTERNAL CONTROLS,0705C,EXTERNAL CONTROLS -MECHANICAL
07,TRANSMISSION SYSTEM,0705,AUTO.TRAN.EXTERNAL CONTROLS,0705D,EXTERNAL CONTROLS -VACCUM
07,TRANSMISSION SYSTEM,0705,AUTO.TRAN.EXTERNAL CONTROLS,0705E,DRVR OPRTD EXTNL CONT  -COLUMN SHIFT
07,TRANSMISSION SYSTEM,0706,MANUAL TRANSM. EXTNL CONTROLS,0706A,DRIVER OPERATED EXTNL CONTROLS
07,TRANSMISSION SYSTEM,0706,MANUAL TRANSM. EXTNL CONTROLS,0706B,EXTNL CONTROL AUXILARY TRANSM
07,TRANSMISSION SYSTEM,0706,MANUAL TRANSM. EXTNL CONTROLS,0706C,EXTNL CONTROLS TRANSFER CASE
07,TRANSMISSION SYSTEM,0707,TRANSFER DRIVE,0707A,TRANFER DRIVE ASSY
07,TRANSMISSION SYSTEM,0707,TRANSFER DRIVE,0707B,HOUSINGS AND SEALS
07,TRANSMISSION SYSTEM,0707,TRANSFER DRIVE,0707C,INTERNAL CONTROLS
07,TRANSMISSION SYSTEM,0708,POWER TAKE OFF SYSTEM,0708A,POWER TAKE OFF
07,TRANSMISSION SYSTEM,0708,POWER TAKE OFF SYSTEM,0708B,HOUSING
07,TRANSMISSION SYSTEM,0708,POWER TAKE OFF SYSTEM,0708C,GEARS AND SHAFTS
07,TRANSMISSION SYSTEM,0708,POWER TAKE OFF SYSTEM,0708D,BEARING
07,TRANSMISSION SYSTEM,0708,POWER TAKE OFF SYSTEM,0708E,OIL SEAL
07,TRANSMISSION SYSTEM,0708,POWER TAKE OFF SYSTEM,0708F,SHIMS
07,TRANSMISSION SYSTEM,0712,TRANSM. SOUND CONTROL,0712A,TRANSMISSION SOUND CONTROL
07,TRANSMISSION SYSTEM,0712,TRANSM. SOUND CONTROL,0712B,TRANSMISSION SOUND INHIBITORS
07,TRANSMISSION SYSTEM,0714,NEUTRAL START SWITCH,0714A,TRANSMISSION MOUNTED SWITCHES
07,TRANSMISSION SYSTEM,0714,NEUTRAL START SWITCH,0714B,EXT. CONTROL MOUNTED SWITCHES
08,CLUTCH SYSTEM,0801,CLUTCH AND HOUSING,0801A,FLYWHEEL HOUSING & SPLASH PROTECT
08,CLUTCH SYSTEM,0801,CLUTCH AND HOUSING,0801B,CLUTCH DISC ASSY
08,CLUTCH SYSTEM,0801,CLUTCH AND HOUSING,0801C,PRESSURE PLATE AND COVER ASSY
08,CLUTCH SYSTEM,0802,CLUTCH CONTROLS,0802A,INTERNAL CONTROLS
08,CLUTCH SYSTEM,0802,CLUTCH CONTROLS,0802B,EXTERNAL CONTROLS -MECHANICAL
08,CLUTCH SYSTEM,0802,CLUTCH CONTROLS,0802C,EXTERNAL CONTROLS -HYDRAULIC
08,CLUTCH SYSTEM,0802,CLUTCH CONTROLS,0802D,AUTOMATIC CLUTCH
08,CLUTCH SYSTEM,0802,CLUTCH CONTROLS,0802E,EXTERNAL CONTROLS-ELECTRICAL
09,EXHAUST SYSTEM,0901,ACOUSTICAL CONTROL COMPONENTS,0901A,MUFFLERS
09,EXHAUST SYSTEM,0901,ACOUSTICAL CONTROL COMPONENTS,0901B,RESONATORS
09,EXHAUST SYSTEM,0901,ACOUSTICAL CONTROL COMPONENTS,0901C,DEFUSSERS
09,EXHAUST SYSTEM,0902,EXHAUST GAS TREATMENT COMPONENTS,0902A,CATALYTIC CONVERTER ASSY
09,EXHAUST SYSTEM,0902,EXHAUST GAS TREATMENT COMPONENTS,0902B,PARTICULATE TRAP ASSY
09,EXHAUST SYSTEM,0903,EXHAUST PIPES AND SUPPORTS,0903A,EXHAUST PIPES
09,EXHAUST SYSTEM,0903,EXHAUST PIPES AND SUPPORTS,0903B,EXHAUST SYSTEM SEALS
09,EXHAUST SYSTEM,0903,EXHAUST PIPES AND SUPPORTS,0903C,EXHAUST SYSTEM SUPPORTS
09,EXHAUST SYSTEM,0904,SHIELDS AND ATTACHMENTS,0904A,SHIELDS AND ATTACHMENTS
09,EXHAUST SYSTEM,0904,SHIELDS AND ATTACHMENTS,0904B,PROTECTIVE DEVICES
09,EXHAUST SYSTEM,0905,DECOUPLERS,0905A,DECOUPLERS
09,EXHAUST SYSTEM,0906,DEF SYSTEM,0906A,STORAGE TANK
09,EXHAUST SYSTEM,0906,DEF SYSTEM,0906B,FILLING
09,EXHAUST SYSTEM,0906,DEF SYSTEM,0906C,SUPPLY
09,EXHAUST SYSTEM,0906,DEF SYSTEM,0906D,SHIELDS
09,EXHAUST SYSTEM,0906,DEF SYSTEM,0906E,SUPPORTS
10,FUEL SYSTEM,1001,FUEL TANK AND LINES,1001A,FUEL STORAGE
10,FUEL SYSTEM,1001,FUEL TANK AND LINES,1001B,FUEL FILLING
10,FUEL SYSTEM,1001,FUEL TANK AND LINES,1001C,FUEL DELIVERY
10,FUEL SYSTEM,1001,FUEL TANK AND LINES,1001D,FUEL LINES
10,FUEL SYSTEM,1001,FUEL TANK AND LINES,1001E,VAPOUR MANAGEMENT
10,FUEL SYSTEM,1001,FUEL TANK AND LINES,1001F,CLIPS AND SPACERS
10,FUEL SYSTEM,1001,FUEL TANK AND LINES,1001G,FUEL
10,FUEL SYSTEM,1002,FOOT OPERATED ACCEL. CONTROL,1002A,FOOT OPERATED THROTTLE CONTROL
10,FUEL SYSTEM,1003,AUTO.VEH.SPEED CONTROL,1003A,SPEED SENSORS
10,FUEL SYSTEM,1003,AUTO.VEH.SPEED CONTROL,1003B,SERVO SENSORS
10,FUEL SYSTEM,1003,AUTO.VEH.SPEED CONTROL,1003C,ELECTRONIC MODULE /AMPLIFIER
10,FUEL SYSTEM,1003,AUTO.VEH.SPEED CONTROL,1003D,SPEED CONTROL SWITCHES- DEACTIVATOR
10,FUEL SYSTEM,1004,HAND OPERATED FUEL/CHOKE CONTROL,1004A,HAND OPERATED THROTTLE CONTROL
10,FUEL SYSTEM,1004,HAND OPERATED FUEL/CHOKE CONTROL,1004B,MANUAL CHOKE CONTROL
10,FUEL SYSTEM,1004,HAND OPERATED FUEL/CHOKE CONTROL,1004C,FUEL SHUT-OFF CONTROL
10,FUEL SYSTEM,1005,CNG SYSTEM,1005A,CNG HIGH PRESSURE
10,FUEL SYSTEM,1005,CNG SYSTEM,1005B,CNG LOW PRESSURE
10,FUEL SYSTEM,1005,CNG SYSTEM,1005C,CNG IGNITION
10,FUEL SYSTEM,1006,LPG SYSTEM,1006A,LPG HIGH PRESSURE
10,FUEL SYSTEM,1006,LPG SYSTEM,1006B,LPG LOW PRESSURE
10,FUEL SYSTEM,1006,LPG SYSTEM,1006C,LPG IGNITION
10,FUEL SYSTEM,1007,TYPE OF FUEL,1007A,TYPE OF FUEL
11,STEERING SYSTEM,1101,MANUAL STEERING GEAR SUBSYSTEM,1101A,MANUAL STEERING GEAR
11,STEERING SYSTEM,1102,POWER STEERING,1102A,INTEGRAL POWER STEERING
11,STEERING SYSTEM,1102,POWER STEERING,1102B,LINKAGE BOOSTER POWER STEERING
11,STEERING SYSTEM,1102,POWER STEERING,1102C,HYDRAULIC DISTRIBUTION
11,STEERING SYSTEM,1102,POWER STEERING,1102D,POWER STEERING PUMP
11,STEERING SYSTEM,1102,POWER STEERING,1102E,POWER STEERING FLUID
11,STEERING SYSTEM,1102,POWER STEERING,1102F,POWER STEERING ELECTR CONTROLS
11,STEERING SYSTEM,1102,POWER STEERING,1102G,POWER STEERING SENSORS AND ACTUATORS
11,STEERING SYSTEM,1103,STEERING LINKAGE,1103A,STEERING LINKAGE COMPONENTS
11,STEERING SYSTEM,1104,STEERING COLUMN SYSTEM,1104A,STEERING COLUMN AND SHAFT
11,STEERING SYSTEM,1104,STEERING COLUMN SYSTEM,1104B,TRANSM. SHIFT MECHANISM
11,STEERING SYSTEM,1105,STEERING COLUMN SWITCHES,1105A,STRG/COL-TURN SIGNAL SWITCH
11,STEERING SYSTEM,1105,STEERING COLUMN SWITCHES,1105B,STRG/COL-IGNITION  SWITCH
11,STEERING SYSTEM,1105,STEERING COLUMN SWITCHES,1105C,STRG/COL-WIPER/ WASHER SWITCH
11,STEERING SYSTEM,1105,STEERING COLUMN SWITCHES,1105D,STRG/COL-HEAD LAMP SWITCH
11,STEERING SYSTEM,1105,STEERING COLUMN SWITCHES,1105E,STRG/COL-STALK SPEED CONTROL
11,STEERING SYSTEM,1105,STEERING COLUMN SWITCHES,1105F,STEERING ROTATION SENSOR
11,STEERING SYSTEM,1105,STEERING COLUMN SWITCHES,1105G,COL REMOTE ENTERTAINMENT CONTROL
11,STEERING SYSTEM,1106,STEERING WHEEL SYSTEM,1106A,STEERING WHEEL
11,STEERING SYSTEM,1106,STEERING WHEEL SYSTEM,1106B,STEERING WHEEL-ELECTRICAL
11,STEERING SYSTEM,1106,STEERING WHEEL SYSTEM,1106C,STEERING WHEEL-PASSIVE RESTRAINTS
11,STEERING SYSTEM,1107,FOUR WHEEL STRG ACTUATOR CONTROL,1107A,ELECTROMECH STEERING ACTUATOR
11,STEERING SYSTEM,1107,FOUR WHEEL STRG ACTUATOR CONTROL,1107B,STEERING SENSORS
11,STEERING SYSTEM,1107,FOUR WHEEL STRG ACTUATOR CONTROL,1107C,LOGIC MODULE
11,STEERING SYSTEM,1107,FOUR WHEEL STRG ACTUATOR CONTROL,1107D,MOTOR DRIVE MODULE
12,CLIMATE CONTROL SYSTEM,1201,BODY VENTILATION,1201A,AIR INTAKE COMPONENTS
12,CLIMATE CONTROL SYSTEM,1201,BODY VENTILATION,1201B,AIR DISTRIBUTION COMPONENTS
12,CLIMATE CONTROL SYSTEM,1201,BODY VENTILATION,1201C,AIR EXTRACTION COMPONENTS
12,CLIMATE CONTROL SYSTEM,1202,HEATING AND DEFROSTING,1202A,HEATER BLOWER LESS ELECTRICAL MOTORS
12,CLIMATE CONTROL SYSTEM,1202,HEATING AND DEFROSTING,1202B,HEATER ASSY
12,CLIMATE CONTROL SYSTEM,1202,HEATING AND DEFROSTING,1202C,DISTRIBUTION
12,CLIMATE CONTROL SYSTEM,1202,HEATING AND DEFROSTING,1202D,HEATER HOSES
12,CLIMATE CONTROL SYSTEM,1202,HEATING AND DEFROSTING,1202E,REAR WINDOW DEFOG
12,CLIMATE CONTROL SYSTEM,1202,HEATING AND DEFROSTING,1202F,HEATER CONTROLS-MANUAL
12,CLIMATE CONTROL SYSTEM,1202,HEATING AND DEFROSTING,1202G,HEATER CONTROLS -AUTOMATIC
12,CLIMATE CONTROL SYSTEM,1202,HEATING AND DEFROSTING,1202H,REAR WINDOW DEFOGGING
12,CLIMATE CONTROL SYSTEM,1202,HEATING AND DEFROSTING,1202J,ELECTRIC MOTOR-HEATER BLOWER
12,CLIMATE CONTROL SYSTEM,1202,HEATING AND DEFROSTING,1202K,SUPPORTING ELECT- HEATING COMPONENTS
12,CLIMATE CONTROL SYSTEM,1203,AIR CONDITIONING,1203A,COMPRESSOR
12,CLIMATE CONTROL SYSTEM,1203,AIR CONDITIONING,1203B,CONDENSOR/ RECEIVER
12,CLIMATE CONTROL SYSTEM,1203,AIR CONDITIONING,1203C,EVAPOURATOR/HEATER ASSY
12,CLIMATE CONTROL SYSTEM,1203,AIR CONDITIONING,1203D,DISTRIBUTION
12,CLIMATE CONTROL SYSTEM,1203,AIR CONDITIONING,1203E,AIR CONDENSOR LINES/FITTINGS
12,CLIMATE CONTROL SYSTEM,1203,AIR CONDITIONING,1203F,FAN SPEED CONTROL SWITCH-A/C-HEATER
12,CLIMATE CONTROL SYSTEM,1203,AIR CONDITIONING,1203G,A/C CONTROLS-MANUAL
12,CLIMATE CONTROL SYSTEM,1203,AIR CONDITIONING,1203H,A/C CONTROLS-AUTO
12,CLIMATE CONTROL SYSTEM,1203,AIR CONDITIONING,1203J,A/C ELECTRIC MOTOR
12,CLIMATE CONTROL SYSTEM,1203,AIR CONDITIONING,1203K,A/C REAR
12,CLIMATE CONTROL SYSTEM,1203,AIR CONDITIONING,1203L,HVAC UNIT FRONT
12,CLIMATE CONTROL SYSTEM,1203,AIR CONDITIONING,1203Z,UNCLASSIFIED CONTROL SYSTEM
12,CLIMATE CONTROL SYSTEM,1204,CONTROLS,1204A,FAN SPEED CONTROL
12,CLIMATE CONTROL SYSTEM,1204,CONTROLS,1204B,A/C.CONTROLS -MANUAL
12,CLIMATE CONTROL SYSTEM,1204,CONTROLS,1204C,A/C. CONTROLS-AUTO
13,GAGE AND WARNING DEVICE SYSTEM,1301,INST.CLUSTER / PANEL LIGHTING,1301A,INST.CLUSTER CONSOLE MODULE
13,GAGE AND WARNING DEVICE SYSTEM,1301,INST.CLUSTER / PANEL LIGHTING,1301B,PRINTED CIRCUIT
13,GAGE AND WARNING DEVICE SYSTEM,1301,INST.CLUSTER / PANEL LIGHTING,1301C,INST.PANEL ILLUM. / IDENTIFICATION
13,GAGE AND WARNING DEVICE SYSTEM,1301,INST.CLUSTER / PANEL LIGHTING,1301D,INST.PNL.VOLT. REGULATOR
13,GAGE AND WARNING DEVICE SYSTEM,1302,SPEEDOMETER / ODOMETER,1302A,INDICATORS / CABLES
13,GAGE AND WARNING DEVICE SYSTEM,1303,FUEL GAGE / WARNING LIGHT,1303A,FUEL SENSORS AND GAGES
13,GAGE AND WARNING DEVICE SYSTEM,1303,FUEL GAGE / WARNING LIGHT,1303B,LOW FUEL WARNING DEVICES
13,GAGE AND WARNING DEVICE SYSTEM,1303,FUEL GAGE / WARNING LIGHT,1303C,MILES/ KMS-TO-EMPTY INDICATORS
13,GAGE AND WARNING DEVICE SYSTEM,1304,ELECTRIC POWER SUPPLY,1304A,POWER SUPPLY GAGE / WARNING LIGHT
13,GAGE AND WARNING DEVICE SYSTEM,1305,POWER TRAIN GAGE / WARN. LIGHTS,1305A,ENG. OPERATING GAGES / WARN. LIGHTS
13,GAGE AND WARNING DEVICE SYSTEM,1305,POWER TRAIN GAGE / WARN. LIGHTS,1305B,TRANSM. OPERATING GAGES
13,GAGE AND WARNING DEVICE SYSTEM,1305,POWER TRAIN GAGE / WARN. LIGHTS,1305C,AXLE OPERATING GAGES / WARNING LIGHTS
13,GAGE AND WARNING DEVICE SYSTEM,1306,HORN SYSTEM,1306A,ELECTRIC HORNS
13,GAGE AND WARNING DEVICE SYSTEM,1306,HORN SYSTEM,1306B,ELECTRIC HORN -RELAY
13,GAGE AND WARNING DEVICE SYSTEM,1306,HORN SYSTEM,1306C,AIR HORNS
13,GAGE AND WARNING DEVICE SYSTEM,1306,HORN SYSTEM,1306D,SIREN ASSY
13,GAGE AND WARNING DEVICE SYSTEM,1307,CLOCK/ DRIVER CONVENIENCE GAGES,1307A,CLOCK
13,GAGE AND WARNING DEVICE SYSTEM,1307,CLOCK/ DRIVER CONVENIENCE GAGES,1307B,CONVINIENCE GAGES
13,GAGE AND WARNING DEVICE SYSTEM,1308,INSTRUMENTATION MESSAGE CENTRE,1308A,INFORMATION PROCESSING
13,GAGE AND WARNING DEVICE SYSTEM,1308,INSTRUMENTATION MESSAGE CENTRE,1308B,INFORMATION DISPLY
13,GAGE AND WARNING DEVICE SYSTEM,1308,INSTRUMENTATION MESSAGE CENTRE,1308C,MESSAGE CENTRE CONTROL
13,GAGE AND WARNING DEVICE SYSTEM,1308,INSTRUMENTATION MESSAGE CENTRE,1308D,INFORMATION SENSING
13,GAGE AND WARNING DEVICE SYSTEM,1309,MISC.GAGES/WARNING DEVICES,1309A,GAGES/WARNING LIGHTS
13,GAGE AND WARNING DEVICE SYSTEM,1309,MISC.GAGES/WARNING DEVICES,1309B,WARNING BUZZERS
13,GAGE AND WARNING DEVICE SYSTEM,1309,MISC.GAGES/WARNING DEVICES,1309C,HEAD LAMP LEVEL INDICATOR
13,GAGE AND WARNING DEVICE SYSTEM,1310,BRAKE OPERATION GAGE / WARNING LIGHT,1310A,WARNING DEVICES
13,GAGE AND WARNING DEVICE SYSTEM,1311,ENGINE OIL PRESSURE INDICATOR,1311A,CONTROL MODULE
13,GAGE AND WARNING DEVICE SYSTEM,1311,ENGINE OIL PRESSURE INDICATOR,1311B,SENSORS/SWITCHES
13,GAGE AND WARNING DEVICE SYSTEM,1311,ENGINE OIL PRESSURE INDICATOR,1311C,HORNS/BUZZERS
13,GAGE AND WARNING DEVICE SYSTEM,1312,PARKING /REVERSING AIDS,1312A,PARKING/REVERSE AID CONTROL MODULE
13,GAGE AND WARNING DEVICE SYSTEM,1312,PARKING /REVERSING AIDS,1312B,PARKING/REVERSE AID PROX SENSORS
13,GAGE AND WARNING DEVICE SYSTEM,1312,PARKING /REVERSING AIDS,1312C,REVERSE PARKING CAMERA
14,ELECTRICAL POWER SUPPLY SYSTEM,1401,BATTERY SYSTEM,1401A,BATTERY
14,ELECTRICAL POWER SUPPLY SYSTEM,1401,BATTERY SYSTEM,1401B,BATTERY HOLD DOWN & SUPPORTS
14,ELECTRICAL POWER SUPPLY SYSTEM,1401,BATTERY SYSTEM,1401C,BATTERY CABLES
14,ELECTRICAL POWER SUPPLY SYSTEM,1402,GENERATOR / ALTERNATOR-REGULATOR,1402A,GENERATOR /ALTERNATOR
14,ELECTRICAL POWER SUPPLY SYSTEM,1402,GENERATOR / ALTERNATOR-REGULATOR,1402B,REGULATOR
14,ELECTRICAL POWER SUPPLY SYSTEM,1403,Battery Electrical Vehicle,1403A,POWER PACK
14,ELECTRICAL POWER SUPPLY SYSTEM,1403,Battery Electrical Vehicle,1403B,HOLD AND SUPPORT
14,ELECTRICAL POWER SUPPLY SYSTEM,1403,Battery Electrical Vehicle,1403C,BATTERY CABLE
14,ELECTRICAL POWER SUPPLY SYSTEM,1403,Battery Electrical Vehicle,1403D,FUSE
14,ELECTRICAL POWER SUPPLY SYSTEM,1403,Battery Electrical Vehicle,1403E,COOLING SYSTEM
14,ELECTRICAL POWER SUPPLY SYSTEM,1403,Battery Electrical Vehicle,1403F,BATTERY MODULE
14,ELECTRICAL POWER SUPPLY SYSTEM,1403,Battery Electrical Vehicle,1403G,BMS/BDU
15,RADIO TAPE AND COMMUN.SYSTEM,1501,RECIVER AND TAPE CHASSIS,1501A,RECIVER
15,RADIO TAPE AND COMMUN.SYSTEM,1501,RECIVER AND TAPE CHASSIS,1501B,DISC PLAYER/AUTOCHANGER/TAPE
15,RADIO TAPE AND COMMUN.SYSTEM,1501,RECIVER AND TAPE CHASSIS,1501C,POWER AMPLIFIERS
15,RADIO TAPE AND COMMUN.SYSTEM,1501,RECIVER AND TAPE CHASSIS,1501D,SEPARATE ENTERTAIN MEDIA PLAYER
15,RADIO TAPE AND COMMUN.SYSTEM,1502,ANTENNA SYSTEM,1502A,FIXED/MANUAL ANTENNA
15,RADIO TAPE AND COMMUN.SYSTEM,1502,ANTENNA SYSTEM,1502C,POWER  ANTENNA SWITCH
15,RADIO TAPE AND COMMUN.SYSTEM,1503,SPEAKER SYSTEM,1503A,SPEAKERS
15,RADIO TAPE AND COMMUN.SYSTEM,1504,RESERVED,1504A,TELEPHONE
15,RADIO TAPE AND COMMUN.SYSTEM,1504,RESERVED,1504B,CITIZEN BAND RADIO
15,RADIO TAPE AND COMMUN.SYSTEM,1505,RADIO NOISE SUPRESSION SYSTEM,1505A,RADIO FREQUENCY INTERFERENCE SUPPN.
15,RADIO TAPE AND COMMUN.SYSTEM,1505,RADIO NOISE SUPRESSION SYSTEM,1505B,IN CAR -ENTERTAIN /COMM. I/SUPPN
15,RADIO TAPE AND COMMUN.SYSTEM,1506,REMOTE CONVINENCE SYSTEM,1506A,RADIO COMMAND SIGNAL TRANSMIT
15,RADIO TAPE AND COMMUN.SYSTEM,1506,REMOTE CONVINENCE SYSTEM,1506B,RADIO COMMAND SIGNAL RECEIVER
15,RADIO TAPE AND COMMUN.SYSTEM,1506,REMOTE CONVINENCE SYSTEM,1506C,GARAGE DOOR OPENER TRANSMITTER
16,VACCUM DISTRIBUTION SYSTEM,1601,BODY VACCUM SYSTEM,1601A,BODY VACCUM COMPONENTS
16,VACCUM DISTRIBUTION SYSTEM,1602,CHASSIS VACCUM COMPONENTS,1602A,CHASSIS VACCUM COMPONENTS
16,VACCUM DISTRIBUTION SYSTEM,1603,TRANSMISSION VACCUM SYSTEM,1603A,TRANSMISSION VACCUM COMPONENTS
16,VACCUM DISTRIBUTION SYSTEM,1604,VACCUM GENERATOR SYSTEM,1604A,VACCUM GENERATOR COMPONENTS
16,VACCUM DISTRIBUTION SYSTEM,1604,VACCUM GENERATOR SYSTEM,1604B,VACCUM MOTOR (ELECTRICAL)
17,LIGHTING SYSTEM,1701,FRONT LIGHTING SYSTEM,1701A,HD LAMP H/L BEAM & ADJUST.COMPONE
17,LIGHTING SYSTEM,1701,FRONT LIGHTING SYSTEM,1701B,TURN INDICATING LAMPS
17,LIGHTING SYSTEM,1701,FRONT LIGHTING SYSTEM,1701C,POSITION AND PARKING LAMP
17,LIGHTING SYSTEM,1701,FRONT LIGHTING SYSTEM,1701D,AUXILIARY LAMP- FOG/SPOT LAMP
17,LIGHTING SYSTEM,1701,FRONT LIGHTING SYSTEM,1701E,FRONT SIDE MARKERS/REFLECTORS
17,LIGHTING SYSTEM,1701,FRONT LIGHTING SYSTEM,1701F,ROOF MARKER LAMPS /REFLECTORS
17,LIGHTING SYSTEM,1701,FRONT LIGHTING SYSTEM,1701G,CORNERING LAMPS
17,LIGHTING SYSTEM,1702,INTERIOR LIGHTING SYSTEM,1702A,ENGINE COMPARTMENT LIGHTING
17,LIGHTING SYSTEM,1702,INTERIOR LIGHTING SYSTEM,1702B,COUTESY LIGHTS / IDENTIFICATION
17,LIGHTING SYSTEM,1702,INTERIOR LIGHTING SYSTEM,1702C,LUGGAGE COMPARTMENT LIGHTING
17,LIGHTING SYSTEM,1702,INTERIOR LIGHTING SYSTEM,1702D,LOCK CYLINDER LAMP
17,LIGHTING SYSTEM,1703,REAR LIGHTING SYSTEM,1703A,REAR STOP / TAIL LAMPS
17,LIGHTING SYSTEM,1703,REAR LIGHTING SYSTEM,1703B,BACK UP LAMPS
17,LIGHTING SYSTEM,1703,REAR LIGHTING SYSTEM,1703C,TURN INDICATING LAMPS
17,LIGHTING SYSTEM,1703,REAR LIGHTING SYSTEM,1703D,AUXILIARY LAMPS (FLOOD LAMPS)
17,LIGHTING SYSTEM,1703,REAR LIGHTING SYSTEM,1703E,REAR SIDE MARKER / REFLECTORS
17,LIGHTING SYSTEM,1703,REAR LIGHTING SYSTEM,1703F,REAR REFLEX REFLECTORS
17,LIGHTING SYSTEM,1703,REAR LIGHTING SYSTEM,1703G,COACH LAMPS
17,LIGHTING SYSTEM,1703,REAR LIGHTING SYSTEM,1703H,LIC. PLATE ILLUMINATIONS
17,LIGHTING SYSTEM,1704,LIGHTING -SPECIAL MECHANISMS,1704A,HEAD LAMP LEVELLING/ADJUSTING
17,LIGHTING SYSTEM,1704,LIGHTING -SPECIAL MECHANISMS,1704B,HEAD LAMP  AUTO ON /OFF DELAY
17,LIGHTING SYSTEM,1704,LIGHTING -SPECIAL MECHANISMS,1704C,HEAD LAMP AUTOMATIC DIMMER
17,LIGHTING SYSTEM,1704,LIGHTING -SPECIAL MECHANISMS,1704D,HEAD LAMP HIDING
17,LIGHTING SYSTEM,1704,LIGHTING -SPECIAL MECHANISMS,1704E,ELECTRIC MOTOR
17,LIGHTING SYSTEM,1704,LIGHTING -SPECIAL MECHANISMS,1704F,DAYTIME RUNLIGHT CONTROL MODULE
17,LIGHTING SYSTEM,1705,LIGHTING SWITCHES SYSTEM,1705A,HEAD LAMP SWITCHES
17,LIGHTING SYSTEM,1705,LIGHTING SWITCHES SYSTEM,1705B,AUXILARY LAMP SWITCHES
17,LIGHTING SYSTEM,1705,LIGHTING SWITCHES SYSTEM,1705C,INTERIOR LAMP SWITCHES
17,LIGHTING SYSTEM,1705,LIGHTING SWITCHES SYSTEM,1705D,HAZARD WARNING SWITCHES
17,LIGHTING SYSTEM,1705,LIGHTING SWITCHES SYSTEM,1705E,HEAD LAMP DIMMER SWITCHES
18,ELECT DISTRIBUTION AND ELECTRONIC CNTRL,1801,ELECTRICAL WIRING/ CIRCUIT PROTECTOR,1801A,FRONT END/ENG COMPT WIRING
18,ELECT DISTRIBUTION AND ELECTRONIC CNTRL,1801,ELECTRICAL WIRING/ CIRCUIT PROTECTOR,1801B,INSTRUMENT PANEL & COWL WIRING
18,ELECT DISTRIBUTION AND ELECTRONIC CNTRL,1801,ELECTRICAL WIRING/ CIRCUIT PROTECTOR,1801C,BODY & REAR END WIRING
18,ELECT DISTRIBUTION AND ELECTRONIC CNTRL,1801,ELECTRICAL WIRING/ CIRCUIT PROTECTOR,1801D,TRAILER WIRING/RELAYS
18,ELECT DISTRIBUTION AND ELECTRONIC CNTRL,1801,ELECTRICAL WIRING/ CIRCUIT PROTECTOR,1801E,SINGLE WIRES
18,ELECT DISTRIBUTION AND ELECTRONIC CNTRL,1801,ELECTRICAL WIRING/ CIRCUIT PROTECTOR,1801F,FUSE PNL/FUSES/CIRCUIT BREAKER
18,ELECT DISTRIBUTION AND ELECTRONIC CNTRL,1801,ELECTRICAL WIRING/ CIRCUIT PROTECTOR,1801G,WIRING AND MODULE FASTENERS
18,ELECT DISTRIBUTION AND ELECTRONIC CNTRL,1801,ELECTRICAL WIRING/ CIRCUIT PROTECTOR,1801H,DIAGNOSTIC CONNECTOR / WIRING
18,ELECT DISTRIBUTION AND ELECTRONIC CNTRL,1801,ELECTRICAL WIRING/ CIRCUIT PROTECTOR,1801J,MULTIPLEX JUNCTION BLOCK AND CONN
18,ELECT DISTRIBUTION AND ELECTRONIC CNTRL,1802,FLASHER SYSTEM,1802A,TURN SIGNAL FLASHERS
18,ELECT DISTRIBUTION AND ELECTRONIC CNTRL,1802,FLASHER SYSTEM,1802B,HAZARD WARNING / H-DUTY FLASHER
18,ELECT DISTRIBUTION AND ELECTRONIC CNTRL,1802,FLASHER SYSTEM,1802C,DRIVER WARNING IND. FLASHERS
18,ELECT DISTRIBUTION AND ELECTRONIC CNTRL,1802,FLASHER SYSTEM,1802D,HEAD LAMP FLASHERS
18,ELECT DISTRIBUTION AND ELECTRONIC CNTRL,1803,ELECTRIC DISTRIBUTION SWITCHES,1803A,IGNITION SWITCHES (INSTR PNL)
18,ELECT DISTRIBUTION AND ELECTRONIC CNTRL,1804,MISC. ELECTRICAL DEVICES,1804A,CIGAR LIGHTERS
18,ELECT DISTRIBUTION AND ELECTRONIC CNTRL,1805,MULTIPLE FUNC ELECTR CONTROL,1805A,MULTIPLE FUNC  ELECTR CONTROL
18,ELECT DISTRIBUTION AND ELECTRONIC CNTRL,1805,MULTIPLE FUNC ELECTR CONTROL,1805B,SENSORS
18,ELECT DISTRIBUTION AND ELECTRONIC CNTRL,1805,MULTIPLE FUNC ELECTR CONTROL,1805C,ACTUATORS
18,ELECT DISTRIBUTION AND ELECTRONIC CNTRL,1805,MULTIPLE FUNC ELECTR CONTROL,1805E,SWITCHES
18,ELECT DISTRIBUTION AND ELECTRONIC CNTRL,1806,"ECU FLASHING, KEY LEARNING AND DIAGNOSTICS SOFTWARES",1806A,ECU SOFTWARE
18,ELECT DISTRIBUTION AND ELECTRONIC CNTRL,1806,"ECU FLASHING, KEY LEARNING AND DIAGNOSTICS SOFTWARES",1806B,KEY LEARNING SOFTWARE
18,ELECT DISTRIBUTION AND ELECTRONIC CNTRL,1806,"ECU FLASHING, KEY LEARNING AND DIAGNOSTICS SOFTWARES",1806C,DIAGNOSTIC SOFTWARE
19,MISC.ACCESSORIES,1901,MOBILE PHONE,1901A,MOBILE PHONE
19,MISC.ACCESSORIES,1902,MISCELLANEOUS STRUCTURE,1902A,MISCELLANEOUS STRUCTURE
20,EARTH MOVING ATTACHMENT,2001,EXCAVATOR,2001A,BACKHOE SLIDING FRAME
20,EARTH MOVING ATTACHMENT,2001,EXCAVATOR,2001B,BACKHOE BOOM
20,EARTH MOVING ATTACHMENT,2001,EXCAVATOR,2001C,BACKHOE SWING POST
20,EARTH MOVING ATTACHMENT,2001,EXCAVATOR,2001D,BACKHOE DIPPER ARM
20,EARTH MOVING ATTACHMENT,2001,EXCAVATOR,2001E,BACKHOE BUCKET
20,EARTH MOVING ATTACHMENT,2001,EXCAVATOR,2001F,BACKHOE STABILIZER
20,EARTH MOVING ATTACHMENT,2001,EXCAVATOR,2001G,BACKHOE H-FRAME
20,EARTH MOVING ATTACHMENT,2001,EXCAVATOR,2001H,BACKHOE LINKAGES
20,EARTH MOVING ATTACHMENT,2001,EXCAVATOR,2001J,BACKHOE COUNTER WEIGHT
20,EARTH MOVING ATTACHMENT,2001,EXCAVATOR,2001K,BACKHOE TRAC FRAME
20,EARTH MOVING ATTACHMENT,2002,LOADER,2002A,LOADER ARM
20,EARTH MOVING ATTACHMENT,2002,LOADER,2002B,LOADER BUCKET
20,EARTH MOVING ATTACHMENT,2002,LOADER,2002C,LOADER LINKAGES
20,EARTH MOVING ATTACHMENT,2003,CRANE,2003A,CRANE COUNTERWEIGHT
20,EARTH MOVING ATTACHMENT,2003,CRANE,2003B,ARTICULATION SYSTEM
20,EARTH MOVING ATTACHMENT,2003,CRANE,2003C,BOOM
20,EARTH MOVING ATTACHMENT,2003,CRANE,2003D,LIFT SYSTEM
20,EARTH MOVING ATTACHMENT,2003,CRANE,2003E,OSCILLATION SYSTEM
20,EARTH MOVING ATTACHMENT,2003,CRANE,2003F,MAIN FRAME ASSY
20,EARTH MOVING ATTACHMENT,2003,CRANE,2003G,SAFETY MECHANISM
20,EARTH MOVING ATTACHMENT,2004,DRUM STRUCTURE,2004A,DRUM STRUCTURE
20,EARTH MOVING ATTACHMENT,2004,DRUM STRUCTURE,2004B,CONCETE DRUM
20,EARTH MOVING ATTACHMENT,2004,DRUM STRUCTURE,2004C,HOPPER & CHUTE
20,EARTH MOVING ATTACHMENT,2004,DRUM STRUCTURE,2004D,SKID FRAME
20,EARTH MOVING ATTACHMENT,2004,DRUM STRUCTURE,2004E,LADDER
20,EARTH MOVING ATTACHMENT,2004,DRUM STRUCTURE,2004F,FLUID SYSTEM
20,EARTH MOVING ATTACHMENT,2005,ROAD MACHINERY SYSTEM,2005A,ROAD MACHINERY MAINFRAME
20,EARTH MOVING ATTACHMENT,2005,ROAD MACHINERY SYSTEM,2005B,ROAD MACHINERY GROUND ENGAGING TOOLS & MECHANISM
20,EARTH MOVING ATTACHMENT,2005,ROAD MACHINERY SYSTEM,2005C,ROAD MACHINERY ARTICULATION SYSTEM
20,EARTH MOVING ATTACHMENT,2005,ROAD MACHINERY SYSTEM,2005D,ROAD MACHINERY MISC ATTACHMENTS
21,HYDRAULIC SYSTEM,2101,PUMP-FIXED DISPLACEMENT,2101A,FIXED DISPLACEMENT GEAR PUMP
21,HYDRAULIC SYSTEM,2101,PUMP-FIXED DISPLACEMENT,2101B,FIXED DISPLACEMENT VANE PUMP
21,HYDRAULIC SYSTEM,2101,PUMP-FIXED DISPLACEMENT,2101S,FIXED DISPLACEMENT SERVICE KIT
21,HYDRAULIC SYSTEM,2102,PUMP-VARIABLE DISPLACEMENT,2102A,VARIABLE DISPLACEMENT AXIAL PISTON PUMP
21,HYDRAULIC SYSTEM,2102,PUMP-VARIABLE DISPLACEMENT,2102B,VARIABLE DISPLACEMENT RADIAL PISTON PUMP
21,HYDRAULIC SYSTEM,2102,PUMP-VARIABLE DISPLACEMENT,2102C,VARIABLE DISPLACEMENT SERVICE KIT
21,HYDRAULIC SYSTEM,2103,CONTROL VALVE,2103A,PRESSURE CONTROL VALVE
21,HYDRAULIC SYSTEM,2103,CONTROL VALVE,2103B,FLOW CONTROL VALVE
21,HYDRAULIC SYSTEM,2103,CONTROL VALVE,2103C,DIRECTION CONTROL VALVE OPEN CENTER
21,HYDRAULIC SYSTEM,2103,CONTROL VALVE,2103D,DIRECTION CONTROL VALVE CLOSED CENTER
21,HYDRAULIC SYSTEM,2103,CONTROL VALVE,2103S,CONTROL VALVE SERVICE KIT
21,HYDRAULIC SYSTEM,2104,CYLINDER,2104A,DOUBLE ACTING CYLINDER
21,HYDRAULIC SYSTEM,2104,CYLINDER,2104B,SINGLE ACTING CYLINDER
21,HYDRAULIC SYSTEM,2104,CYLINDER,2104C,TELESCOPIC CYLINDER
21,HYDRAULIC SYSTEM,2104,CYLINDER,2104S,HYDRAULIC CYLINDER SERVICE KIT
21,HYDRAULIC SYSTEM,2105,RESERVOIR,2105A,NON PRESSURIZED RESERVOIR
21,HYDRAULIC SYSTEM,2105,RESERVOIR,2105B,PRESSURIZED RESERVOIR
21,HYDRAULIC SYSTEM,2105,RESERVOIR,2105C,ACCUMULATOR
21,HYDRAULIC SYSTEM,2105,RESERVOIR,2105S,HYDRAULIC RESERVOIR SERVICE KIT
21,HYDRAULIC SYSTEM,2106,FILTERATION,2106A,HYDRAULIC SUCTION LINE
21,HYDRAULIC SYSTEM,2106,FILTERATION,2106B,HYDRAULIC RETURN LINE
21,HYDRAULIC SYSTEM,2106,FILTERATION,2106C,HYDRAULIC PRESSURE LINE
21,HYDRAULIC SYSTEM,2106,FILTERATION,2106S,HYDRAULIC FILTERATION SERVICE KIT
21,HYDRAULIC SYSTEM,2107,PLUMBING,2107A,FLEXIBLE PLUMBING
21,HYDRAULIC SYSTEM,2107,PLUMBING,2107B,RIGID PLUMBING
21,HYDRAULIC SYSTEM,2107,PLUMBING,2107C,CLAMPS PLUMBING
21,HYDRAULIC SYSTEM,2107,PLUMBING,2107D,PROTECTIVE COVERINGS PLUMBING
21,HYDRAULIC SYSTEM,2108,FITTING & ADAPTORS,2108A,THREADED FITTINGS
21,HYDRAULIC SYSTEM,2108,FITTING & ADAPTORS,2108B,NON THREADED FITTINGS
21,HYDRAULIC SYSTEM,2109,FLUID HYDRAULIC,2109A,FLUID HYDRAULIC
21,HYDRAULIC SYSTEM,2110,SEALING ELEMENTS,2110A,ORING
21,HYDRAULIC SYSTEM,2110,SEALING ELEMENTS,2110B,SEAL
21,HYDRAULIC SYSTEM,2111,OIL COOLER,2111A,AIR COOLED
21,HYDRAULIC SYSTEM,2111,OIL COOLER,2111B,WATER COOLED
21,HYDRAULIC SYSTEM,2111,OIL COOLER,2111C,COMBI COOLER
21,HYDRAULIC SYSTEM,2112,VALVE CONTROLS,2112A,LEVER OPERATED VALVE
21,HYDRAULIC SYSTEM,2112,VALVE CONTROLS,2112B,ELECTRICALLY OPERATED VALVE
21,HYDRAULIC SYSTEM,2112,VALVE CONTROLS,2112C,JOYSTIC VALVE
21,HYDRAULIC SYSTEM,2112,VALVE CONTROLS,2112D,MOUNTING VALVE
21,HYDRAULIC SYSTEM,2112,VALVE CONTROLS,2112S,CONTROL VALVE SERVICE KIT
21,HYDRAULIC SYSTEM,2113,HYDRAULIC POWERPACK,2113A,MOBILE-HYDRAULIC POWERPACK
21,HYDRAULIC SYSTEM,2113,HYDRAULIC POWERPACK,2113B,INDUSTRIAL-HYDRAULIC POWERPACK
21,HYDRAULIC SYSTEM,2113,HYDRAULIC POWERPACK,2113S,HYDRAULIC POWERPACK SERVICE KIT
21,HYDRAULIC SYSTEM,2114,HYDRAULIC WINCH,2114A,STRUCTURAL
21,HYDRAULIC SYSTEM,2114,HYDRAULIC WINCH,2114B,MOTOR
21,HYDRAULIC SYSTEM,2114,HYDRAULIC WINCH,2114S,Removed From System
21,HYDRAULIC SYSTEM,2115,HYDRAULIC DRIVES,2115A,SWING MOTOR
21,HYDRAULIC SYSTEM,2115,HYDRAULIC DRIVES,2115B,TRAVEL MOTOR
21,HYDRAULIC SYSTEM,2115,HYDRAULIC DRIVES,2115C,SWING GEARBOX
21,HYDRAULIC SYSTEM,2115,HYDRAULIC DRIVES,2115D,TRAVEL GEARBOX
21,HYDRAULIC SYSTEM,2115,HYDRAULIC DRIVES,2115E,TRAVEL DRIVE - INTEGRATED
21,HYDRAULIC SYSTEM,2115,HYDRAULIC DRIVES,2115F,SWING DRIVE - INTEGRATED
22,ELECTRICAL VEHICLE DRIVE SYSTEM,2201,ELECTRIC DRIVE,2201A,ELECTRIC MOTOR
22,ELECTRICAL VEHICLE DRIVE SYSTEM,2202,CONTROLLER ELECTRIC DRIVE,2202A,CONTROLLER ELECTRONIC
22,ELECTRICAL VEHICLE DRIVE SYSTEM,2203,CONTROLLER COOLING,2203A,CONTROLLER COOLER
22,ELECTRICAL VEHICLE DRIVE SYSTEM,2203,CONTROLLER COOLING,2203B,COOLANT PUMP & FLOW CONTROL
22,ELECTRICAL VEHICLE DRIVE SYSTEM,2203,CONTROLLER COOLING,2203C,UCP COOLANT PUMP & FLOW CONTROL
23,TRIMS,2301,COCKPIT,2301A,INSTRUMENT PANEL ASSY
23,TRIMS,2301,COCKPIT,2301B,AIR VENT ASSEMBLY
23,TRIMS,2301,COCKPIT,2301C,DUCTS
23,TRIMS,2301,COCKPIT,2301D,CCB
23,TRIMS,2301,COCKPIT,2301E,STEERING WHEEL
23,TRIMS,2301,COCKPIT,2301F,FLOOR CONSOLE ASSEMBLY
23,TRIMS,2301,COCKPIT,2301G,GEAR SHIFTER ASSEMBLY
23,TRIMS,2302,EXTERIOR TRIMS,2302A,BUMPER FRONT
23,TRIMS,2302,EXTERIOR TRIMS,2302B,BUMPER RR
23,TRIMS,2302,EXTERIOR TRIMS,2302C,BODY SIDE OUTER TRIMS
23,TRIMS,2302,EXTERIOR TRIMS,2302D,FRONT END TRIMS
23,TRIMS,2302,EXTERIOR TRIMS,2302E,REAR END TRIMS
23,TRIMS,2302,EXTERIOR TRIMS,2302F,ROOF OUTER TRIM
23,TRIMS,2302,EXTERIOR TRIMS,2302G,"BADGES, DECALS & BOT"
23,TRIMS,2302,EXTERIOR TRIMS,2302H,EXTERIOR TRIMS LAYOUT
23,TRIMS,2303,INTERIOR TRIMS,2303A,BODY SIDE INTR TRIMS
23,TRIMS,2303,INTERIOR TRIMS,2303B,DOOR TRIM ASSEMBLY
23,TRIMS,2303,INTERIOR TRIMS,2303C,ROOF INTR TRIM
23,TRIMS,2303,INTERIOR TRIMS,2303D,FLOOR INTR TRIM
23,TRIMS,2303,INTERIOR TRIMS,2303E,REAR TRUNK TRIMS
23,TRIMS,2303,INTERIOR TRIMS,2303F,INTERIOR TRIMS LAYOUT
23,TRIMS,2304,NVH INSULATION,2304A,CABIN INSULATOR
23,TRIMS,2304,NVH INSULATION,2304B,ENGINE ROOM INSULATOR
23,TRIMS,2304,NVH INSULATION,2304C,UNDERBODY INSULATOR
23,TRIMS,2304,NVH INSULATION,2304D,NVH INSULATORS LAYOUT
24,SEATING SYSTEM,2401,SEAT ASSY 1ST ROW,2401A,B/RST SEAT ASSY 1ST ROW
24,SEATING SYSTEM,2401,SEAT ASSY 1ST ROW,2401B,CSHN SEAT ASSY 1ST ROW
24,SEATING SYSTEM,2401,SEAT ASSY 1ST ROW,2401C,H/REST SEAT ASSY 1ST ROW
24,SEATING SYSTEM,2401,SEAT ASSY 1ST ROW,2401D,A/RST SEAT ASSY 1ST ROW
24,SEATING SYSTEM,2402,SEAT ASSY 2ND ROW,2402A,B/RST SEAT ASSY 2ND ROW
24,SEATING SYSTEM,2402,SEAT ASSY 2ND ROW,2402B,CSHN SEAT ASSY 2ND ROW
24,SEATING SYSTEM,2402,SEAT ASSY 2ND ROW,2402C,H/RST SEAT ASSY 2ND ROW
24,SEATING SYSTEM,2402,SEAT ASSY 2ND ROW,2402D,A/RST SEAT ASSY 2ND ROW
24,SEATING SYSTEM,2403,SEAT ASSY 3RD ROW,2401A,B/RST SEAT ASSY 1ST ROW
24,SEATING SYSTEM,2403,SEAT ASSY 3RD ROW,2401B,CSHN SEAT ASSY 1ST ROW
24,SEATING SYSTEM,2403,SEAT ASSY 3RD ROW,2403B,CSHN SEAT ASSY 3RD ROW
24,SEATING SYSTEM,2403,SEAT ASSY 3RD ROW,2403C,H/RST SEAT ASSY 3RD ROW
24,SEATING SYSTEM,2403,SEAT ASSY 3RD ROW,2403D,A/RST SEAT ASSY 3RD ROW
24,SEATING SYSTEM,2404,SEAT ASSY 4TH ROW,2404A,B/RST  SEAT ASSY 4TH ROW
24,SEATING SYSTEM,2404,SEAT ASSY 4TH ROW,2404B,CSHN SEAT ASSY 4TH ROW
24,SEATING SYSTEM,2404,SEAT ASSY 4TH ROW,2404C,H/RST SEAT ASSY 4TH ROW
24,SEATING SYSTEM,2404,SEAT ASSY 4TH ROW,2404D,A/RST SEAT ASSY 4TH ROW
24,SEATING SYSTEM,2405,MISC ACCESSORIES,2405A,MISC ACCESSORIES
25,SAFETY SYSTEM,2501,SAFETY BELT MAIN ASSY,2501A,SAFETY BELT SUB ASSY
25,SAFETY SYSTEM,2502,AIRBAG MAIN ASSY,2502A,AIRBAG SUB ASSY
25,SAFETY SYSTEM,2502,AIRBAG MAIN ASSY,2502B,AIRBAG SUB ASSY
26,PEDALS AND CONTROLS,2601,PEDALS,2601A,BRAKE PEDAL ASSY
